t_us,v
0.0,1.64996
20.8,1.86112
41.7,2.06812
62.5,2.26791
83.3,2.45812
104.2,2.63374
125.0,2.79247
145.8,2.93255
166.7,3.0502
187.5,3.14453
208.3,3.21295
229.2,3.25494
250.0,3.27026
270.8,3.25729
291.7,3.21702
312.5,3.15015
333.3,3.05829
354.2,2.94148
375.0,2.8037
395.8,2.64582
416.7,2.47096
437.5,2.28243
458.3,2.08263
479.2,1.87556
500.0,1.6653
520.8,1.45425
541.7,1.24645
562.5,1.04569
583.3,0.85556
604.2,0.678366
625.0,0.518043
645.8,0.377049
666.7,0.257082
687.5,0.161059
708.3,0.0910338
729.2,0.0466773
750.0,0.0297974
770.8,0.0411096
791.7,0.0788969
812.5,0.144255
833.3,0.234414
854.2,0.34881
875.0,0.485749
895.8,0.642086
916.7,0.816108
937.5,1.00389
958.3,1.20279
979.2,1.40912
1000.0,1.61942
1020.8,1.83046
1041.7,2.03836
1062.5,2.23972
1083.3,2.43151
1104.2,2.60953
1125.0,2.77077
1145.8,2.91327
1166.7,3.03492
1187.5,3.13244
1208.3,3.20491
1229.2,3.25085
1250.0,3.2694
1270.8,3.26056
1291.7,3.22424
1312.5,3.16143
1333.3,3.0728
1354.2,2.96004
1375.0,2.82469
1395.8,2.66999
1416.7,2.49757
1437.5,2.31072
1458.3,2.11242
1479.2,1.90627
1500.0,1.69594
1520.8,1.48478
1541.7,1.27618
1562.5,1.0747
1583.3,0.882197
1604.2,0.703263
1625.0,0.539824
1645.8,0.395549
1666.7,0.273187
1687.5,0.173994
1708.3,0.0999046
1729.2,0.0515079
1750.0,0.0306101
1770.8,0.0378681
1791.7,0.0717246
1812.5,0.133034
1833.3,0.220013
1854.2,0.33116
1875.0,0.464855
1895.8,0.618739
1916.7,0.789539
1937.5,0.975625
1958.3,1.17307
1979.2,1.37849
2000.0,1.58879
2020.8,1.79984
2041.7,2.00854
2062.5,2.21162
2083.3,2.40412
2104.2,2.58461
2125.0,2.74889
2145.8,2.89394
2166.7,3.01881
2187.5,3.11955
2208.3,3.19608
2229.2,3.246
2250.0,3.2686
2270.8,3.26375
2291.7,3.23146
2312.5,3.1719
2333.3,3.08736
2354.2,2.9777
2375.0,2.84565
2395.8,2.69337
2416.7,2.52335
2437.5,2.33806
2458.3,2.14143
2479.2,1.93604
2500.0,1.72648
2520.8,1.51541
2541.7,1.30601
2562.5,1.10291
2583.3,0.909679
2604.2,0.728338
2625.0,0.562394
2645.8,0.415766
2666.7,0.289222
2687.5,0.186919
2708.3,0.108788
2729.2,0.0572066
2750.0,0.0322943
2770.8,0.0346895
2791.7,0.065272
2812.5,0.122516
2833.3,0.205452
2854.2,0.313439
2875.0,0.443932
2895.8,0.595379
2916.7,0.763736
2937.5,0.948242
2958.3,1.14405
2979.2,1.3487
3000.0,1.55807
3020.8,1.77003
3041.7,1.97874
3062.5,2.18254
3083.3,2.37747
3104.2,2.55956
3125.0,2.72644
3145.8,2.87455
3166.7,3.00189
3187.5,3.10668
3208.3,3.18632
3229.2,3.24041
3250.0,3.26691
3270.8,3.26621
3291.7,3.23807
3312.5,3.18233
3333.3,3.101
3354.2,2.99467
3375.0,2.86573
3395.8,2.71672
3416.7,2.54829
3437.5,2.36541
3458.3,2.17043
3479.2,1.96663
3500.0,1.75718
3520.8,1.54531
3541.7,1.33579
3562.5,1.13192
3583.3,0.936165
3604.2,0.753278
3625.0,0.585704
3645.8,0.43589
3666.7,0.306149
3687.5,0.199811
3708.3,0.118437
3729.2,0.0628404
3750.0,0.033821
3770.8,0.0330637
3791.7,0.0596176
3812.5,0.11279
3833.3,0.19251
3854.2,0.296458
3875.0,0.423757
3895.8,0.572046
3916.7,0.738725
3937.5,0.920905
3958.3,1.11505
3979.2,1.31884
4000.0,1.52831
4020.8,1.73945
4041.7,1.94891
4062.5,2.15346
4083.3,2.3501
4104.2,2.53378
4125.0,2.703
4145.8,2.85444
4166.7,2.985
4187.5,3.09292
4208.3,3.17672
4229.2,3.23399
4250.0,3.26454
4270.8,3.26775
4291.7,3.24361
4312.5,3.19199
4333.3,3.11463
4354.2,3.01157
4375.0,2.88587
4395.8,2.7392
4416.7,2.57413
4437.5,2.39285
4458.3,2.19947
4479.2,1.99641
4500.0,1.78696
4520.8,1.57586
4541.7,1.36644
4562.5,1.1609
4583.3,0.964391
4604.2,0.779078
4625.0,0.608231
4645.8,0.456031
4666.7,0.323863
4687.5,0.213576
4708.3,0.128954
4729.2,0.0692849
4750.0,0.0362398
4770.8,0.0313935
4791.7,0.0539505
4812.5,0.103138
4833.3,0.1788
4854.2,0.28041
4875.0,0.404472
4895.8,0.549458
4916.7,0.713849
4937.5,0.893574
4958.3,1.08685
4979.2,1.28913
5000.0,1.49772
5020.8,1.70879
5041.7,1.91913
5062.5,2.12446
5083.3,2.32196
5104.2,2.50803
5125.0,2.67962
5145.8,2.83352
5166.7,2.96727
5187.5,3.0793
5208.3,3.16629
5229.2,3.2275
5250.0,3.26212
5270.8,3.26935
5291.7,3.24845
5312.5,3.2008
5333.3,3.12682
5354.2,3.02769
5375.0,2.90516
5395.8,2.76184
5416.7,2.59904
5437.5,2.4202
5458.3,2.22759
5479.2,2.02621
5500.0,1.81758
5520.8,1.60649
5541.7,1.39623
5562.5,1.18994
5583.3,0.991795
5604.2,0.804799
5625.0,0.632423
5645.8,0.476846
5666.7,0.341589
5687.5,0.227981
5708.3,0.139372
5729.2,0.075755
5750.0,0.0395299
5770.8,0.0305673
5791.7,0.0491353
5812.5,0.0941833
5833.3,0.166846
5854.2,0.26431
5875.0,0.385126
5895.8,0.527758
5916.7,0.688877
5937.5,0.866869
5958.3,1.05787
5979.2,1.2593
6000.0,1.46715
6020.8,1.67819
6041.7,1.88846
6062.5,2.09563
6083.3,2.29454
6104.2,2.48227
6125.0,2.65622
6145.8,2.8126
6166.7,2.94955
6187.5,3.06471
6208.3,3.15503
6229.2,3.22024
6250.0,3.25894
6270.8,3.27021
6291.7,3.25324
6312.5,3.20978
6333.3,3.13973
6354.2,3.04375
6375.0,2.92452
6395.8,2.78353
6416.7,2.62327
6437.5,2.44678
6458.3,2.25587
6479.2,2.0553
6500.0,1.84815
6520.8,1.63717
6541.7,1.42603
6562.5,1.21977
6583.3,1.02003
6604.2,0.830658
6625.0,0.655758
6645.8,0.497898
6666.7,0.359295
6687.5,0.243321
6708.3,0.15064
6729.2,0.0837753
6750.0,0.0427388
6770.8,0.0297413
6791.7,0.0443228
6812.5,0.0861966
6833.3,0.1547
6854.2,0.248049
6875.0,0.365733
6895.8,0.505135
6916.7,0.664739
6937.5,0.840257
6958.3,1.02959
6979.2,1.22944
7000.0,1.43651
7020.8,1.64756
7041.7,1.85867
7062.5,2.06566
7083.3,2.2664
7104.2,2.45565
7125.0,2.63211
7145.8,2.79093
7166.7,2.93098
7187.5,3.04939
7208.3,3.14366
7229.2,3.21225
7250.0,3.25488
7270.8,3.27016
7291.7,3.2573
7312.5,3.21782
7333.3,3.15099
7354.2,3.05914
7375.0,2.94311
7395.8,2.80534
7416.7,2.64738
7437.5,2.47334
7458.3,2.28407
7479.2,2.08508
7500.0,1.87801
7520.8,1.66774
7541.7,1.45667
7562.5,1.24873
7583.3,1.04816
7604.2,0.857192
7625.0,0.679906
7645.8,0.519675
7666.7,0.378653
7687.5,0.258635
7708.3,0.16277
7729.2,0.0918094
7750.0,0.047595
7770.8,0.0298219
7791.7,0.0411296
7812.5,0.0782177
7833.3,0.143389
7854.2,0.233618
7875.0,0.348054
7895.8,0.484249
7916.7,0.640549
7937.5,0.813641
7958.3,1.0015
7979.2,1.20042
8000.0,1.40671
8020.8,1.61691
8041.7,1.82802
8062.5,2.03593
8083.3,2.23726
8104.2,2.42911
8125.0,2.60711
8145.8,2.76908
8166.7,2.91248
8187.5,3.0333
8208.3,3.13167
8229.2,3.20422
8250.0,3.25007
8270.8,3.26932
8291.7,3.26133
8312.5,3.22506
8333.3,3.16227
8354.2,3.07361
8375.0,2.96171
8395.8,2.8263
8416.7,2.67161
8437.5,2.49916
8458.3,2.31222
8479.2,2.11406
8500.0,1.90863
8520.8,1.69836
8541.7,1.48726
8562.5,1.27858
8583.3,1.07637
8604.2,0.884601
8625.0,0.704916
8645.8,0.541371
8666.7,0.397212
8687.5,0.274761
8708.3,0.17482
8729.2,0.0998968
8750.0,0.0523902
8770.8,0.0306097
8791.7,0.0379928
8812.5,0.0717093
8833.3,0.132108
8854.2,0.219068
8875.0,0.329525
8895.8,0.463298
8916.7,0.616331
8937.5,0.787989
8958.3,0.974024
8979.2,1.17063
9000.0,1.37687
9020.8,1.58632
9041.7,1.79738
9062.5,2.00607
9083.3,2.20905
9104.2,2.40252
9125.0,2.58215
9145.8,2.74731
9166.7,2.89312
9187.5,3.01725
9208.3,3.11869
9229.2,3.19533
9250.0,3.24526
9270.8,3.26855
9291.7,3.26374
9312.5,3.23235
9333.3,3.17276
9354.2,3.08808
9375.0,2.97933
9395.8,2.84732
9416.7,2.69498
9437.5,2.52499
9458.3,2.34053
9479.2,2.14389
9500.0,1.93841
9520.8,1.72889
9541.7,1.5171
9562.5,1.30835
9583.3,1.1054
9604.2,0.911127
9625.0,0.729913
9645.8,0.563964
9666.7,0.417284
9687.5,0.290823
9708.3,0.187686
9729.2,0.109576
9750.0,0.0571514
9770.8,0.032216
9791.7,0.0346989
9812.5,0.0645096
9833.3,0.121731
9854.2,0.204655
9875.0,0.312581
9895.8,0.442323
9916.7,0.593803
9937.5,0.762169
9958.3,0.945908
9979.2,1.1416
10000.0,1.34626
10020.8,1.55568
10041.7,1.76761
10062.5,1.97634
10083.3,2.18013
10104.2,2.37513
10125.0,2.55719
10145.8,2.72399
10166.7,2.87296
10187.5,3.00112
10208.3,3.10586
10229.2,3.18564
10250.0,3.23963
10270.8,3.26695
10291.7,3.2661
10312.5,3.23794
10333.3,3.18323
10354.2,3.10177
10375.0,2.99621
10395.8,2.86731
10416.7,2.71826
10437.5,2.55076
10458.3,2.36782
10479.2,2.17285
10500.0,1.96828
10520.8,1.7588
10541.7,1.54772
10562.5,1.33818
10583.3,1.13431
10604.2,0.938613
10625.0,0.754978
10645.8,0.587315
10666.7,0.436659
10687.5,0.307633
10708.3,0.201486
10729.2,0.11923
10750.0,0.0627717
10770.8,0.0338355
10791.7,0.0330082
10812.5,0.0588388
10833.3,0.112074
10854.2,0.19091
10875.0,0.295685
10895.8,0.422152
10916.7,0.570383
10937.5,0.737201
10958.3,0.918519
10979.2,1.11345
11000.0,1.31644
11020.8,1.52595
11041.7,1.73702
11062.5,1.94652
11083.3,2.1511
11104.2,2.34771
11125.0,2.53227
11145.8,2.70139
11166.7,2.8529
11187.5,2.98337
11208.3,3.09214
11229.2,3.1759
11250.0,3.23405
11270.8,3.2646
11291.7,3.26782
11312.5,3.24365
11333.3,3.19281
11354.2,3.11547
11375.0,3.01318
11395.8,2.88743
11416.7,2.74083
11437.5,2.57574
11458.3,2.39515
11479.2,2.20104
11500.0,1.99804
11520.8,1.78938
11541.7,1.57829
11562.5,1.36799
11583.3,1.16342
11604.2,0.965896
11625.0,0.780705
11645.8,0.610632
11666.7,0.457588
11687.5,0.324679
11708.3,0.215177
11729.2,0.129675
11750.0,0.0692286
11770.8,0.0370997
11791.7,0.0314174
11812.5,0.0531742
11833.3,0.102342
11854.2,0.178092
11875.0,0.278766
11895.8,0.402747
11916.7,0.547843
11937.5,0.711402
11958.3,0.891823
11979.2,1.08438
12000.0,1.28667
12020.8,1.49532
12041.7,1.70636
12062.5,1.9167
12083.3,2.12212
12104.2,2.32026
12125.0,2.50641
12145.8,2.67797
12166.7,2.83187
12187.5,2.96647
12208.3,3.07759
12229.2,3.1654
12250.0,3.2267
12270.8,3.26209
12291.7,3.26937
12312.5,3.24923
12333.3,3.2017
12354.2,3.12841
12375.0,3.02928
12395.8,2.9068
12416.7,2.76341
12437.5,2.60073
12458.3,2.42186
12479.2,2.23008
12500.0,2.02791
12520.8,1.82002
12541.7,1.60887
12562.5,1.39869
12583.3,1.1925
12604.2,0.994204
12625.0,0.806404
12645.8,0.634118
12666.7,0.478589
12687.5,0.342403
12708.3,0.229532
12729.2,0.140181
12750.0,0.076526
12770.8,0.0394648
12791.7,0.0305982
12812.5,0.0483787
12833.3,0.09344
12854.2,0.165984
12875.0,0.26257
12895.8,0.383456
12916.7,0.525293
12937.5,0.687195
12958.3,0.864479
12979.2,1.05542
13000.0,1.25684
13020.8,1.46468
13041.7,1.67581
13062.5,1.886
13083.3,2.0931
13104.2,2.29218
13125.0,2.47982
13145.8,2.65392
13166.7,2.81098
13187.5,2.94792
13208.3,3.06314
13229.2,3.15424
13250.0,3.21942
13270.8,3.25806
13291.7,3.27021
13312.5,3.25411
13333.3,3.21061
13354.2,3.14042
13375.0,3.04543
13395.8,2.92617
13416.7,2.78517
13437.5,2.62483
13458.3,2.44843
13479.2,2.25827
13500.0,2.05766
13520.8,1.85069
13541.7,1.63953
13562.5,1.4284
13583.3,1.22135
13604.2,1.02236
13625.0,0.832992
13645.8,0.658271
13666.7,0.499587
13687.5,0.360912
13708.3,0.244153
13729.2,0.151434
13750.0,0.0837613
13770.8,0.0434351
13791.7,0.029807
13812.5,0.0443611
13833.3,0.0854512
13854.2,0.153903
13875.0,0.247328
13895.8,0.365014
13916.7,0.50361
13937.5,0.662225
13958.3,0.837901
13979.2,1.02722
14000.0,1.22781
14020.8,1.43484
14041.7,1.64513
14062.5,1.85625
14083.3,2.06332
14104.2,2.26392
14125.0,2.4541
14145.8,2.62966
14166.7,2.78916
14187.5,2.92935
14208.3,3.04784
14229.2,3.14287
14250.0,3.21212
14270.8,3.25492
14291.7,3.27025
14312.5,3.25811
14333.3,3.21865
14354.2,3.1517
14375.0,3.06066
14395.8,2.94471
14416.7,2.80694
14437.5,2.64982
14458.3,2.47499
14479.2,2.28645
14500.0,2.08753
14520.8,1.88039
14541.7,1.67014
14562.5,1.4591
14583.3,1.25116
14604.2,1.05059
14625.0,0.859639
14645.8,0.682422
14666.7,0.521166
14687.5,0.379456
14708.3,0.259392
14729.2,0.163594
14750.0,0.0918435
14770.8,0.0475115
14791.7,0.0306509
14812.5,0.040309
14833.3,0.0781904
14854.2,0.142646
14875.0,0.232062
14895.8,0.346412
14916.7,0.482605
14937.5,0.638904
14958.3,0.812124
14979.2,0.999843
15000.0,1.19803
15020.8,1.40426
15041.7,1.61455
15062.5,1.8256
15083.3,2.03427
15104.2,2.23575
15125.0,2.42745
15145.8,2.60552
15166.7,2.76743
15187.5,2.9108
15208.3,3.0325
15229.2,3.13088
15250.0,3.20332
15270.8,3.25002
15291.7,3.26941
15312.5,3.26131
15333.3,3.22585
15354.2,3.16297
15375.0,3.07515
15395.8,2.96244
15416.7,2.82789
15437.5,2.67319
15458.3,2.50081
15479.2,2.31465
15500.0,2.11648
15520.8,1.911
15541.7,1.70072
15562.5,1.48964
15583.3,1.28104
15604.2,1.07881
15625.0,0.88619
15645.8,0.706554
15666.7,0.543828
15687.5,0.398771
15708.3,0.275564
15729.2,0.175603
15750.0,0.100694
15770.8,0.0523545
15791.7,0.0313464
15812.5,0.0369899
15833.3,0.0708635
15854.2,0.131371
15875.0,0.217553
15895.8,0.328729
15916.7,0.46162
15937.5,0.614703
15958.3,0.785524
15979.2,0.971642
16000.0,1.16896
16020.8,1.37443
16041.7,1.5839
16062.5,1.79588
16083.3,2.00447
16104.2,2.20668
16125.0,2.40011
16145.8,2.58052
16166.7,2.74493
16187.5,2.89149
16208.3,3.01648
16229.2,3.11792
16250.0,3.19446
16270.8,3.2452
16291.7,3.26858
16312.5,3.26375
16333.3,3.23231
16354.2,3.17356
16375.0,3.08963
16395.8,2.9801
16416.7,2.84881
16437.5,2.69655
16458.3,2.52743
16479.2,2.34209
16500.0,2.14548
16520.8,1.94081
16541.7,1.73145
16562.5,1.51952
16583.3,1.31092
16604.2,1.10773
16625.0,0.913692
16645.8,0.731539
16666.7,0.566347
16687.5,0.41895
16708.3,0.291655
16729.2,0.188513
16750.0,0.110317
16770.8,0.0579936
16791.7,0.0321747
16812.5,0.034647
16833.3,0.0643981
16854.2,0.120858
16875.0,0.203816
16895.8,0.311025
16916.7,0.440666
16937.5,0.591303
16958.3,0.76049
16979.2,0.944249
17000.0,1.14017
17020.8,1.34379
17041.7,1.5541
17062.5,1.76527
17083.3,1.97471
17104.2,2.17857
17125.0,2.37269
17145.8,2.55559
17166.7,2.72234
17187.5,2.87134
17208.3,2.99949
17229.2,3.10499
17250.0,3.18481
17270.8,3.23946
17291.7,3.26688
17312.5,3.26615
17333.3,3.23877
17354.2,3.18406
17375.0,3.10338
17395.8,2.9979
17416.7,2.86889
17437.5,2.72001
17458.3,2.55224
17479.2,2.36952
17500.0,2.17447
17520.8,1.97058
17541.7,1.76115
17562.5,1.55013
17583.3,1.34061
17604.2,1.13595
17625.0,0.941017
17645.8,0.757318
17666.7,0.588972
17687.5,0.438303
17708.3,0.308545
17729.2,0.202185
17750.0,0.12004
17770.8,0.0636352
17791.7,0.0346482
17812.5,0.0321791
17833.3,0.0580068
17854.2,0.111142
17875.0,0.190153
17895.8,0.294072
17916.7,0.420541
17937.5,0.568729
17958.3,0.734805
17979.2,0.916805
18000.0,1.11099
18020.8,1.31403
18041.7,1.52352
18062.5,1.73457
18083.3,1.94404
18104.2,2.14945
18125.0,2.34532
18145.8,2.52976
18166.7,2.69976
18187.5,2.85116
18208.3,2.98254
18229.2,3.09136
18250.0,3.17516
18270.8,3.23308
18291.7,3.26455
18312.5,3.26779
18333.3,3.24435
18354.2,3.19363
18375.0,3.11633
18395.8,3.01403
18416.7,2.88905
18437.5,2.74243
18458.3,2.57736
18479.2,2.39683
18500.0,2.2035
18520.8,2.00041
18541.7,1.79184
18562.5,1.58072
18583.3,1.37049
18604.2,1.16495
18625.0,0.968381
18645.8,0.783051
18666.7,0.612249
18687.5,0.459169
18708.3,0.326294
18729.2,0.215874
18750.0,0.130509
18770.8,0.0700568
18791.7,0.0370667
18812.5,0.031446
18833.3,0.053198
18854.2,0.102346
18875.0,0.177232
18895.8,0.277169
18916.7,0.401202
18937.5,0.546199
18958.3,0.709732
18979.2,0.889443
19000.0,1.08201
19020.8,1.28429
19041.7,1.49287
19062.5,1.70403
19083.3,1.91419
19104.2,2.11969
19125.0,2.31798
19145.8,2.50398
19166.7,2.67637
19187.5,2.83025
19208.3,2.96493
19229.2,3.07688
19250.0,3.16462
19270.8,3.22666
19291.7,3.26122
19312.5,3.26937
19333.3,3.2493
19354.2,3.20243
19375.0,3.12924
19395.8,3.03012
19416.7,2.90851
19437.5,2.76501
19458.3,2.6023
19479.2,2.42429
19500.0,2.23251
19520.8,2.0303
19541.7,1.8224
19562.5,1.61132
19583.3,1.40102
19604.2,1.1948
19625.0,0.995798
19645.8,0.808873
19666.7,0.635579
19687.5,0.480115
19708.3,0.344012
19729.2,0.230464
19750.0,0.140952
19770.8,0.0773187
19791.7,0.0402778
19812.5,0.0306508
19833.3,0.0484036
19854.2,0.0934647
19875.0,0.164352
19895.8,0.261805
19916.7,0.381897
19937.5,0.523666
19958.3,0.684817
19979.2,0.862827
20000.0,1.05385
20020.8,1.2544
20041.7,1.46221
20062.5,1.67336
20083.3,1.8844
20104.2,2.09072
20125.0,2.28975
20145.8,2.47824
20166.7,2.65224
20187.5,2.80931
20208.3,2.9471
20229.2,3.06241
20250.0,3.15341
20270.8,3.21939
20291.7,3.25806
20312.5,3.2702
20333.3,3.25408
20354.2,3.21057
20375.0,3.14131
20395.8,3.04617
20416.7,2.92775
20437.5,2.78683
20458.3,2.62728
20479.2,2.45082
20500.0,2.26069
20520.8,2.06011
20541.7,1.85223
20562.5,1.64192
20583.3,1.43081
20604.2,1.22383
20625.0,1.02395
20645.8,0.834749
20666.7,0.659791
20687.5,0.501097
20708.3,0.362592
20729.2,0.245785
20750.0,0.152272
20770.8,0.0844864
20791.7,0.0435
20812.5,0.0297243
20833.3,0.0434846
20854.2,0.0854337
20875.0,0.153107
20895.8,0.245732
20916.7,0.363364
20937.5,0.501953
20958.3,0.660628
20979.2,0.836263
21000.0,1.02566
21020.8,1.22543
21041.7,1.43252
21062.5,1.64276
21083.3,1.85385
21104.2,2.06173
21125.0,2.26153
21145.8,2.4517
21166.7,2.6281
21187.5,2.78758
21208.3,2.92857
21229.2,3.04698
21250.0,3.1421
21270.8,3.21135
21291.7,3.25402
21312.5,3.27022
21333.3,3.25816
21354.2,3.21856
21375.0,3.1526
21395.8,3.06153
21416.7,2.94627
21437.5,2.80852
21458.3,2.65143
21479.2,2.47751
21500.0,2.2889
21520.8,2.08996
21541.7,1.88281
21562.5,1.6726
21583.3,1.46151
21604.2,1.25359
21625.0,1.05217
21645.8,0.861274
21666.7,0.683945
21687.5,0.522874
21708.3,0.381026
21729.2,0.261035
21750.0,0.164372
21770.8,0.0926787
21791.7,0.0483554
21812.5,0.0306072
21833.3,0.0402611
21854.2,0.077309
21875.0,0.141772
21895.8,0.231208
21916.7,0.344803
21937.5,0.480988
21958.3,0.636447
21979.2,0.809628
22000.0,0.997439
22020.8,1.19557
22041.7,1.40179
22062.5,1.6121
22083.3,1.8232
22104.2,2.03188
22125.0,2.23331
22145.8,2.42513
22166.7,2.60385
22187.5,2.76591
22208.3,2.90926
22229.2,3.03089
22250.0,3.12911
22270.8,3.2025
22291.7,3.25007
22312.5,3.26934
22333.3,3.26127
22354.2,3.22583
22375.0,3.16385
22395.8,3.07603
22416.7,2.9641
22437.5,2.82947
22458.3,2.67484
22479.2,2.50315
22500.0,2.31627
22520.8,2.11894
22541.7,1.91344
22562.5,1.70319
22583.3,1.49123
22604.2,1.28338
22625.0,1.08118
22645.8,0.888601
22666.7,0.708964
22687.5,0.545492
22708.3,0.400405
22729.2,0.277157
22750.0,0.176503
22770.8,0.101514
22791.7,0.0523613
22812.5,0.0314004
22833.3,0.0371048
22854.2,0.0701288
22875.0,0.1306
22895.8,0.216807
22916.7,0.327039
22937.5,0.460065
22958.3,0.613195
22979.2,0.783924
23000.0,0.969221
23020.8,1.16656
23041.7,1.37209
23062.5,1.58228
23083.3,1.79342
23104.2,2.00206
23125.0,2.20512
23145.8,2.39844
23166.7,2.57891
23187.5,2.74333
23208.3,2.88992
23229.2,3.01483
23250.0,3.11709
23270.8,3.19371
23291.7,3.24443
23312.5,3.26863
23333.3,3.26458
23354.2,3.23307
23375.0,3.17421
23395.8,3.09057
23416.7,2.98174
23437.5,2.85042
23458.3,2.69814
23479.2,2.52896
23500.0,2.34449
23520.8,2.14794
23541.7,1.94325
23562.5,1.7329
23583.3,1.52192
23604.2,1.31324
23625.0,1.10937
23645.8,0.915182
23666.7,0.733906
23687.5,0.568044
23708.3,0.419726
23729.2,0.29331
23750.0,0.189321
23770.8,0.111217
23791.7,0.0579704
23812.5,0.0321755
23833.3,0.0346354
23854.2,0.0635773
23875.0,0.11999
23895.8,0.203046
23916.7,0.309438
23937.5,0.439094
23958.3,0.589679
23979.2,0.758088
24000.0,0.941828
24020.8,1.13759
24041.7,1.34233
24062.5,1.55179
24083.3,1.76278
24104.2,1.97235
24125.0,2.17606
24145.8,2.37103
24166.7,2.55321
24187.5,2.72069
24208.3,2.86975
24229.2,2.99794
24250.0,3.1034
24270.8,3.18404
24291.7,3.2388
24312.5,3.26615
24333.3,3.26699
24354.2,3.23882
24375.0,3.18482
24395.8,3.10419
24416.7,2.99872
24437.5,2.87049
24458.3,2.72152
24479.2,2.55476
24500.0,2.37191
24520.8,2.17696
24541.7,1.97302
24562.5,1.76358
24583.3,1.55251
24604.2,1.34302
24625.0,1.13842
24645.8,0.942653
24666.7,0.758963
24687.5,0.590537
24708.3,0.440022
24729.2,0.310133
24750.0,0.203019
24770.8,0.120913
24791.7,0.0644865
24812.5,0.0346759
24833.3,0.0322784
24854.2,0.0580009
24875.0,0.110381
24895.8,0.189378
24916.7,0.292523
24937.5,0.4197
24958.3,0.567168
24979.2,0.733156
25000.0,0.914467
25020.8,1.10855
25041.7,1.31166
25062.5,1.52107
25083.3,1.73221
25104.2,1.94247
25125.0,2.14716
25145.8,2.34364
25166.7,2.5282
25187.5,2.69735
25208.3,2.84961
25229.2,2.981
25250.0,3.08968
25270.8,3.17435
25291.7,3.23228
25312.5,3.2645
25333.3,3.26861
25354.2,3.2445
25375.0,3.19448
25395.8,3.11708
25416.7,3.01562
25437.5,2.89071
25458.3,2.74407
25479.2,2.57975
25500.0,2.39929
25520.8,2.20594
25541.7,2.00284
25562.5,1.79428
25583.3,1.58312
25604.2,1.37279
25625.0,1.16737
25645.8,0.970831
25666.7,0.784683
25687.5,0.613924
25708.3,0.460803
25729.2,0.327947
25750.0,0.216731
25770.8,0.131312
25791.7,0.0709379
25812.5,0.037022
25833.3,0.031414
25854.2,0.0523914
25875.0,0.101528
25895.8,0.176442
25916.7,0.276377
25937.5,0.399587
25958.3,0.544627
25979.2,0.708142
26000.0,0.887838
26020.8,1.07954
26041.7,1.28176
26062.5,1.49048
26083.3,1.70152
26104.2,1.91187
26125.0,2.11813
26145.8,2.3155
26166.7,2.50242
26187.5,2.67402
26208.3,2.82862
26229.2,2.96319
26250.0,3.07604
26270.8,3.1638
26291.7,3.22585
26312.5,3.26133
26333.3,3.2694
26354.2,3.24998
26375.0,3.20332
26395.8,3.13004
26416.7,3.03173
26437.5,2.91012
26458.3,2.76663
26479.2,2.60476
26500.0,2.42594
26520.8,2.23413
26541.7,2.03273
26562.5,1.82487
26583.3,1.61366
26604.2,1.40344
26625.0,1.19645
26645.8,0.998165
26666.7,0.810509
26687.5,0.637301
26708.3,0.481837
26729.2,0.345624
26750.0,0.23126
26770.8,0.141795
26791.7,0.0774066
26812.5,0.0402565
26833.3,0.0305927
26854.2,0.0475492
26875.0,0.0927178
26895.8,0.163559
26916.7,0.260227
26937.5,0.380247
26958.3,0.522112
26979.2,0.683174
27000.0,0.860438
27020.8,1.05138
27041.7,1.25285
27062.5,1.45983
27083.3,1.67091
27104.2,1.88204
27125.0,2.08828
27145.8,2.28803
27166.7,2.47577
27187.5,2.65061
27208.3,2.80774
27229.2,2.94547
27250.0,3.0608
27270.8,3.15257
27291.7,3.21868
27312.5,3.25812
27333.3,3.2702
27354.2,3.25411
27375.0,3.21136
27395.8,3.14202
27416.7,3.04704
27437.5,2.92856
27458.3,2.78846
27479.2,2.62884
27500.0,2.45245
27520.8,2.2623
27541.7,2.06248
27562.5,1.85462
27583.3,1.64435
27604.2,1.43328
27625.0,1.22623
27645.8,1.02642
27666.7,0.837083
27687.5,0.661359
27708.3,0.502789
27729.2,0.364187
27750.0,0.246481
27770.8,0.153041
27791.7,0.0853133
27812.5,0.0441915
27833.3,0.0297898
27854.2,0.0435722
27875.0,0.0846
27895.8,0.152279
27916.7,0.244924
27937.5,0.361766
27958.3,0.500315
27979.2,0.658999
28000.0,0.833838
28020.8,1.02322
28041.7,1.22298
28062.5,1.42998
28083.3,1.64035
28104.2,1.85142
28125.0,2.05933
28145.8,2.25989
28166.7,2.45002
28187.5,2.62646
28208.3,2.78595
28229.2,2.92699
28250.0,3.04539
28270.8,3.14044
28291.7,3.21057
28312.5,3.25408
28333.3,3.2702
28354.2,3.25813
28375.0,3.21952
28395.8,3.15416
28416.7,3.06238
28437.5,2.94712
28458.3,2.81016
28479.2,2.65308
28500.0,2.47899
28520.8,2.2905
28541.7,2.09153
28562.5,1.8852
28583.3,1.67494
28604.2,1.46387
28625.0,1.25603
28645.8,1.05464
28666.7,0.86362
28687.5,0.685676
28708.3,0.524515
28729.2,0.382715
28750.0,0.261761
28770.8,0.165174
28791.7,0.0934252
28812.5,0.048369
28833.3,0.0306111
28854.2,0.0402654
28875.0,0.0765005
28895.8,0.140176
28916.7,0.229641
28937.5,0.343146
28958.3,0.479339
28979.2,0.634852
29000.0,0.808072
29020.8,0.994976
29041.7,1.1932
29062.5,1.39944
29083.3,1.61044
29104.2,1.82165
29125.0,2.02941
29145.8,2.23093
29166.7,2.42266
29187.5,2.60142
29208.3,2.76424
29229.2,2.9077
29250.0,3.03016
29270.8,3.1284
29291.7,3.20248
29312.5,3.24929
29333.3,3.26932
29354.2,3.26127
29375.0,3.22672
29395.8,3.1646
29416.7,3.07766
29437.5,2.96561
29458.3,2.83108
29479.2,2.67727
29500.0,2.50481
29520.8,2.31873
29541.7,2.12131
29562.5,1.91504
29583.3,1.70476
29604.2,1.49366
29625.0,1.28586
29645.8,1.08283
29666.7,0.890326
29687.5,0.710607
29708.3,0.547035
29729.2,0.402046
29750.0,0.278012
29770.8,0.177994
29791.7,0.102386
29812.5,0.053141
29833.3,0.0313884
29854.2,0.0371641
29875.0,0.0701368
29895.8,0.12969
29916.7,0.215953
29937.5,0.325543
29958.3,0.458451
29979.2,0.611543
30000.0,0.782314
30020.8,0.967623
30041.7,1.16414
30062.5,1.36959
30083.3,1.57991
30104.2,1.79094
30125.0,1.99969
30145.8,2.20268
30166.7,2.39609
30187.5,2.57655
30208.3,2.74166
30229.2,2.8882
30250.0,3.01393
30270.8,3.11631
30291.7,3.19293
30312.5,3.24441
30333.3,3.2678
30354.2,3.26455
30375.0,3.23302
30395.8,3.17515
30416.7,3.09132
30437.5,2.98331
30458.3,2.85208
30479.2,2.70058
30500.0,2.53071
30520.8,2.346
30541.7,2.15029
30562.5,1.94568
30583.3,1.73538
30604.2,1.52434
30625.0,1.31569
30645.8,1.11184
30666.7,0.917654
30687.5,0.735543
30708.3,0.569612
30729.2,0.421398
30750.0,0.294878
30770.8,0.190858
30791.7,0.11125
30812.5,0.0587936
30833.3,0.0330678
30854.2,0.0346236
30875.0,0.0636912
30895.8,0.119225
30916.7,0.201476
30937.5,0.308622
30958.3,0.438255
30979.2,0.588017
31000.0,0.756533
31020.8,0.939365
31041.7,1.13522
31062.5,1.33983
31083.3,1.54928
31104.2,1.76034
31125.0,1.96981
31145.8,2.17374
31166.7,2.36869
31187.5,2.55153
31208.3,2.71913
31229.2,2.8682
31250.0,2.99706
31270.8,3.10254
31291.7,3.18405
31312.5,3.23876
31333.3,3.26614
31354.2,3.26697
31375.0,3.23954
31395.8,3.18555
31416.7,3.10504
31437.5,3.00026
31458.3,2.87221
31479.2,2.72316
31500.0,2.55645
31520.8,2.37428
31541.7,2.17933
31562.5,1.97547
31583.3,1.76606
31604.2,1.55495
31625.0,1.34548
31645.8,1.1409
31666.7,0.945056
31687.5,0.761364
31708.3,0.592111
31729.2,0.441434
31750.0,0.311772
31770.8,0.203838
31791.7,0.121612
31812.5,0.0644153
31833.3,0.0346749
31854.2,0.0322045
31875.0,0.0571794
31895.8,0.109557
31916.7,0.188482
31937.5,0.291686
31958.3,0.418198
31979.2,0.565619
32000.0,0.7308
32020.8,0.912739
32041.7,1.10621
32062.5,1.31001
32083.3,1.51873
32104.2,1.72974
32125.0,1.94007
32145.8,2.14475
32166.7,2.34129
32187.5,2.52576
32208.3,2.69575
32229.2,2.84805
32250.0,2.98015
32270.8,3.08887
32291.7,3.17354
32312.5,3.23239
32333.3,3.26376
32354.2,3.26863
32375.0,3.24527
32395.8,3.19527
32416.7,3.11873
32437.5,3.01638
32458.3,2.89235
32479.2,2.74573
32500.0,2.58131
32520.8,2.40087
32541.7,2.20837
32562.5,2.00527
32583.3,1.79666
32604.2,1.58556
32625.0,1.37526
32645.8,1.16986
32666.7,0.972464
32687.5,0.787134
32708.3,0.615534
32729.2,0.46247
32750.0,0.328734
32770.8,0.218356
32791.7,0.132161
32812.5,0.0708815
32833.3,0.037123
32854.2,0.0306143
32875.0,0.0523642
32895.8,0.100764
32916.7,0.175678
32937.5,0.27466
32958.3,0.398001
32979.2,0.543052
33000.0,0.705787
33020.8,0.885361
33041.7,1.07795
33062.5,1.28017
33083.3,1.48809
33104.2,1.69918
33125.0,1.90944
33145.8,2.11568
33166.7,2.31384
33187.5,2.50002
33208.3,2.6723
33229.2,2.8271
33250.0,2.96245
33270.8,3.07443
33291.7,3.16304
33312.5,3.22508
33333.3,3.26136
33354.2,3.26936
33375.0,3.25008
33395.8,3.20413
33416.7,3.13082
33437.5,3.03322
33458.3,2.91162
33479.2,2.76826
33500.0,2.6063
33520.8,2.42831
33541.7,2.23647
33562.5,2.03516
33583.3,1.82728
33604.2,1.61617
33625.0,1.40506
33645.8,1.19878
33666.7,1.00059
33687.5,0.812889
33708.3,0.639699
33729.2,0.483428
33750.0,0.347272
33770.8,0.232883
33791.7,0.142646
33812.5,0.0781238
33833.3,0.0402641
33854.2,0.0306608
33875.0,0.0475041
33895.8,0.0918892
33916.7,0.162749
33937.5,0.259371
33958.3,0.379488
33979.2,0.52047
34000.0,0.681562
34020.8,0.858744
34041.7,1.04899
34062.5,1.25041
34083.3,1.45829
34104.2,1.66855
34125.0,1.87959
34145.8,2.0858
34166.7,2.28567
34187.5,2.47424
34208.3,2.64822
34229.2,2.80608
34250.0,2.94383
34270.8,3.05981
34291.7,3.15177
34312.5,3.21784
34333.3,3.25722
34354.2,3.27017
34375.0,3.25494
34395.8,3.2121
34416.7,3.14296
34437.5,3.04868
34458.3,2.93024
34479.2,2.79004
34500.0,2.63052
34520.8,2.45489
34541.7,2.26479
34562.5,2.06488
34583.3,1.85699
34604.2,1.6467
34625.0,1.43571
34645.8,1.22868
34666.7,1.02881
34687.5,0.838716
34708.3,0.663879
34729.2,0.504396
34750.0,0.364998
34770.8,0.248164
34791.7,0.153858
34812.5,0.0861936
34833.3,0.0443502
34854.2,0.0298191
34875.0,0.0435617
34895.8,0.0837666
34916.7,0.1507
34937.5,0.244112
34958.3,0.360151
34979.2,0.49864
35000.0,0.657452
35020.8,0.832217
35041.7,1.02083
35062.5,1.22062
35083.3,1.42761
35104.2,1.63878
35125.0,1.84906
35145.8,2.05693
35166.7,2.25752
35187.5,2.4476
35208.3,2.62411
35229.2,2.78433
35250.0,2.92536
35270.8,3.04462
35291.7,3.13961
35312.5,3.20982
35333.3,3.2533
35354.2,3.27019
35375.0,3.25883
35395.8,3.22022
35416.7,3.15502
35437.5,3.06397
35458.3,2.9487
35479.2,2.81172
35500.0,2.65467
35520.8,2.4806
35541.7,2.29286
35562.5,2.09398
35583.3,1.88767
35604.2,1.6766
35625.0,1.4663
35645.8,1.25768
35666.7,1.05707
35687.5,0.86528
35708.3,0.688023
35729.2,0.526085
35750.0,0.384341
35770.8,0.263461
35791.7,0.165922
35812.5,0.0943191
35833.3,0.0483438
35854.2,0.0306381
35875.0,0.0395377
35895.8,0.0765614
35916.7,0.139416
35937.5,0.228808
35958.3,0.342434
35979.2,0.477798
36000.0,0.633271
36020.8,0.805663
36041.7,0.99338
36062.5,1.19157
36083.3,1.39703
36104.2,1.60809
36125.0,1.81921
36145.8,2.02704
36166.7,2.22932
36187.5,2.42103
36208.3,2.59985
36229.2,2.76264
36250.0,2.90599
36270.8,3.02861
36291.7,3.12756
36312.5,3.20171
36333.3,3.2493
36354.2,3.26937
36375.0,3.2621
36395.8,3.22745
36416.7,3.1655
36437.5,3.0784
36458.3,2.96652
36479.2,2.83274
36500.0,2.67883
36520.8,2.50727
36541.7,2.32112
36562.5,2.12292
36583.3,1.91743
36604.2,1.70715
36625.0,1.49613
36645.8,1.28737
36666.7,1.08517
36687.5,0.892616
36708.3,0.712206
36729.2,0.548603
36750.0,0.403631
36770.8,0.279666
36791.7,0.178858
36812.5,0.103195
36833.3,0.0531796
36854.2,0.0313766
36875.0,0.0362318
36895.8,0.06926
36916.7,0.128923
36937.5,0.214333
36958.3,0.324688
36979.2,0.456794
37000.0,0.609855
37020.8,0.779865
37041.7,0.965148
37062.5,1.16173
37083.3,1.36731
37104.2,1.57752
37125.0,1.78853
37145.8,1.99724
37166.7,2.20028
37187.5,2.39362
37208.3,2.57487
37229.2,2.74008
37250.0,2.8867
37270.8,3.01239
37291.7,3.11474
37312.5,3.19282
37333.3,3.24361
37354.2,3.26775
37375.0,3.26451
37395.8,3.23391
37416.7,3.17593
37437.5,3.09292
37458.3,2.98414
37479.2,2.85363
37500.0,2.7022
37520.8,2.53306
37541.7,2.34856
37562.5,2.15267
37583.3,1.94808
37604.2,1.73784
37625.0,1.52672
37645.8,1.31725
37666.7,1.11419
37687.5,0.919267
37708.3,0.737981
37729.2,0.57118
37750.0,0.422993
37770.8,0.295718
37791.7,0.191766
37812.5,0.11194
37833.3,0.0588227
37854.2,0.0330619
37875.0,0.0338808
37895.8,0.0628882
37916.7,0.118469
37937.5,0.200602
37958.3,0.306977
37979.2,0.436696
38000.0,0.586527
38020.8,0.754113
38041.7,0.937751
38062.5,1.13277
38083.3,1.33738
38104.2,1.54687
38125.0,1.75803
38145.8,1.96744
38166.7,2.17128
38187.5,2.36702
38208.3,2.54987
38229.2,2.71746
38250.0,2.86654
38270.8,2.99545
38291.7,3.10173
38312.5,3.18315
38333.3,3.23796
38354.2,3.26613
38375.0,3.26695
38395.8,3.24038
38416.7,3.18645
38437.5,3.10585
38458.3,3.00116
38479.2,2.87375
38500.0,2.72481
38520.8,2.55798
38541.7,2.37594
38562.5,2.18182
38583.3,1.97794
38604.2,1.76845
38625.0,1.55741
38645.8,1.34786
38666.7,1.14328
38687.5,0.94667
38708.3,0.762978
38729.2,0.594555
38750.0,0.443128
38770.8,0.312611
38791.7,0.205443
38812.5,0.122473
38833.3,0.0652031
38854.2,0.0346801
38875.0,0.032216
38895.8,0.0572112
38916.7,0.108739
38937.5,0.1869
38958.3,0.290013
38979.2,0.416577
39000.0,0.563126
39020.8,0.729096
39041.7,0.910393
39062.5,1.10452
39083.3,1.30755
39104.2,1.51627
39125.0,1.72735
39145.8,1.93765
39166.7,2.14228
39187.5,2.33881
39208.3,2.5241
39229.2,2.69418
39250.0,2.84632
39270.8,2.97855
39291.7,3.08814
39312.5,3.17275
39333.3,3.23157
39354.2,3.26379
39375.0,3.26865
39395.8,3.24595
39416.7,3.19525
39437.5,3.11954
39458.3,3.01793
39479.2,2.89311
39500.0,2.74817
39520.8,2.58374
39541.7,2.40334
39562.5,2.20996
39583.3,2.00776
39604.2,1.79908
39625.0,1.58798
39645.8,1.37771
39666.7,1.17221
39687.5,0.97492
39708.3,0.788736
39729.2,0.617106
39750.0,0.464081
39770.8,0.330267
39791.7,0.219223
39812.5,0.133029
39833.3,0.0717518
39854.2,0.0378298
39875.0,0.0306341
39895.8,0.0515745
39916.7,0.0998824
39937.5,0.174013
39958.3,0.273945
39979.2,0.396368
40000.0,0.541407
40020.8,0.704154
40041.7,0.882959
40062.5,1.07555
40083.3,1.27777
40104.2,1.48571
40125.0,1.69674
40145.8,1.90703
40166.7,2.11327
40187.5,2.31145
40208.3,2.49837
40229.2,2.67078
40250.0,2.82538
40270.8,2.96082
40291.7,3.07359
40312.5,3.16222
40333.3,3.22504
40354.2,3.26049
40375.0,3.26939
40395.8,3.25084
40416.7,3.20413
40437.5,3.13163
40458.3,3.03413
40479.2,2.91248
40500.0,2.76985
40520.8,2.60793
40541.7,2.42991
40562.5,2.23894
40583.3,2.03755
40604.2,1.82886
40625.0,1.61862
40645.8,1.40746
40666.7,1.20126
40687.5,1.00228
40708.3,0.814499
40729.2,0.641318
40750.0,0.485027
40770.8,0.348045
40791.7,0.233682
40812.5,0.143425
40833.3,0.0789486
40854.2,0.0411251
40875.0,0.0298274
40895.8,0.0468435
40916.7,0.0909805
40937.5,0.161948
40958.3,0.257813
40979.2,0.377859
41000.0,0.51877
41020.8,0.679181
41041.7,0.8564
41062.5,1.04739
41083.3,1.24793
41104.2,1.4559
41125.0,1.66692
41145.8,1.87718
41166.7,2.08427
41187.5,2.2832
41208.3,2.47174
41229.2,2.64663
41250.0,2.8045
41270.8,2.94229
41291.7,3.05821
41312.5,3.1509
41333.3,3.21695
41354.2,3.25736
41375.0,3.27018
41395.8,3.25493
41416.7,3.21298
41437.5,3.14374
41458.3,3.04941
41479.2,2.93179
41500.0,2.79162
41520.8,2.63291
41541.7,2.45639
41562.5,2.26714
41583.3,2.06649
41604.2,1.85944
41625.0,1.64837
41645.8,1.43809
41666.7,1.23105
41687.5,1.03048
41708.3,0.841154
41729.2,0.665545
41750.0,0.505927
41770.8,0.36657
41791.7,0.248935
41812.5,0.154667
41833.3,0.0862277
41854.2,0.0443388
41875.0,0.0298035
41895.8,0.0427045
41916.7,0.0830314
41937.5,0.149847
41958.3,0.242548
41979.2,0.359326
42000.0,0.497113
42020.8,0.655079
42041.7,0.829813
42062.5,1.01918
42083.3,1.21822
42104.2,1.42523
42125.0,1.63636
42145.8,1.84669
42166.7,2.0545
42187.5,2.25505
42208.3,2.44597
42229.2,2.62245
42250.0,2.78274
42270.8,2.92373
42291.7,3.04303
42312.5,3.1389
42333.3,3.2097
42354.2,3.25325
42375.0,3.27015
42395.8,3.25894
42416.7,3.22026
42437.5,3.15583
42458.3,3.06475
42479.2,2.95037
42500.0,2.81341
42520.8,2.65708
42541.7,2.4831
42562.5,2.29527
42583.3,2.09638
42604.2,1.89004
42625.0,1.67899
42645.8,1.46793
42666.7,1.26007
42687.5,1.05859
42708.3,0.867704
42729.2,0.689563
42750.0,0.528508
42770.8,0.385896
42791.7,0.264319
42812.5,0.166762
42833.3,0.0950398
42854.2,0.0491181
42875.0,0.0305821
42895.8,0.0394775
42916.7,0.0757411
42937.5,0.138639
42958.3,0.227952
42979.2,0.340819
43000.0,0.476092
43020.8,0.631629
43041.7,0.804097
43062.5,0.991015
43083.3,1.18919
43104.2,1.39539
43125.0,1.60573
43145.8,1.81683
43166.7,2.02458
43187.5,2.22683
43208.3,2.41861
43229.2,2.59828
43250.0,2.76102
43270.8,2.90522
43291.7,3.02766
43312.5,3.1268
43333.3,3.20088
43354.2,3.24843
43375.0,3.2694
43395.8,3.26215
43416.7,3.22753
43437.5,3.1663
43458.3,3.07928
43479.2,2.96813
43500.0,2.83427
43520.8,2.68045
43541.7,2.50885
43562.5,2.32272
43583.3,2.12534
43604.2,1.91991
43625.0,1.70961
43645.8,1.49862
43666.7,1.28995
43687.5,1.08763
43708.3,0.894331
43729.2,0.71466
43750.0,0.550281
43770.8,0.405245
43791.7,0.280395
43812.5,0.179673
43833.3,0.103913
43854.2,0.0540176
43875.0,0.0314309
43895.8,0.0363024
43916.7,0.0684333
43937.5,0.128073
43958.3,0.213381
43979.2,0.323058
44000.0,0.455157
44020.8,0.607496
44041.7,0.778314
44062.5,0.962775
44083.3,1.16019
44104.2,1.36477
44125.0,1.57503
44145.8,1.78621
44166.7,1.99487
44187.5,2.19788
44208.3,2.39201
44229.2,2.57333
44250.0,2.73848
44270.8,2.88519
44291.7,3.01147
44312.5,3.11385
44333.3,3.19208
44354.2,3.24363
44375.0,3.26779
44395.8,3.26455
44416.7,3.23472
44437.5,3.1768
44458.3,3.0938
44479.2,2.98581
44500.0,2.85529
44520.8,2.70388
44541.7,2.53458
44562.5,2.35088
44583.3,2.15434
44604.2,1.94967
44625.0,1.74027
44645.8,1.52918
44666.7,1.31971
44687.5,1.11584
44708.3,0.921658
44729.2,0.739618
44750.0,0.572746
44770.8,0.424525
44791.7,0.297251
44812.5,0.1925
44833.3,0.112795
44854.2,0.0595746
44875.0,0.0330597
44895.8,0.0338346
44916.7,0.0627768
44937.5,0.11753
44958.3,0.199879
44979.2,0.305359
45000.0,0.435076
45020.8,0.584893
45041.7,0.752451
45062.5,0.935429
45083.3,1.13111
45104.2,1.33497
45125.0,1.54446
45145.8,1.75551
45166.7,1.96499
45187.5,2.16963
45208.3,2.3646
45229.2,2.54757
45250.0,2.7159
45270.8,2.86498
45291.7,2.99462
45312.5,3.10017
45333.3,3.18235
45354.2,3.2379
45375.0,3.26616
45395.8,3.26691
45416.7,3.24033
45437.5,3.18721
45458.3,3.10746
45479.2,3.00268
45500.0,2.87542
45520.8,2.72722
45541.7,2.56046
45562.5,2.37836
45583.3,2.18334
45604.2,1.98037
45625.0,1.77084
45645.8,1.55975
45666.7,1.34953
45687.5,1.14486
45708.3,0.949092
45729.2,0.765347
45750.0,0.59618
45770.8,0.444739
45791.7,0.31423
45812.5,0.206272
45833.3,0.123195
45854.2,0.0653487
45875.0,0.0354814
45895.8,0.0321938
45916.7,0.056444
45937.5,0.107954
45958.3,0.186094
45979.2,0.2893
46000.0,0.414873
46020.8,0.561508
46041.7,0.727481
46062.5,0.907961
46083.3,1.10228
46104.2,1.30516
46125.0,1.5138
46145.8,1.72493
46166.7,1.93524
46187.5,2.1407
46208.3,2.3372
46229.2,2.52261
46250.0,2.69254
46270.8,2.84477
46291.7,2.9769
46312.5,3.08652
46333.3,3.1719
46354.2,3.2315
46375.0,3.26375
46395.8,3.26867
46416.7,3.24608
46437.5,3.19605
46458.3,3.12031
46479.2,3.01967
46500.0,2.89471
46520.8,2.74966
46541.7,2.58534
46562.5,2.40485
46583.3,2.21229
46604.2,2.01012
46625.0,1.80143
46645.8,1.59037
46666.7,1.38012
46687.5,1.17464
46708.3,0.976406
46729.2,0.790319
46750.0,0.61959
46770.8,0.46563
46791.7,0.331888
46812.5,0.220769
46833.3,0.133702
46854.2,0.0724716
46875.0,0.037876
46895.8,0.0306095
46916.7,0.0515397
46937.5,0.0990798
46958.3,0.173261
46979.2,0.272328
47000.0,0.395553
47020.8,0.538972
47041.7,0.702603
47062.5,0.881387
47083.3,1.07316
47104.2,1.27538
47125.0,1.48321
47145.8,1.69512
47166.7,1.90536
47187.5,2.11083
47208.3,2.30908
47229.2,2.49594
47250.0,2.66923
47270.8,2.82386
47291.7,2.95923
47312.5,3.072
47333.3,3.16139
47354.2,3.22431
47375.0,3.26058
47395.8,3.2694
47416.7,3.25086
47437.5,3.20492
47458.3,3.13325
47479.2,3.03579
47500.0,2.91412
47520.8,2.7715
47541.7,2.61035
47562.5,2.43231
47583.3,2.24055
47604.2,2.03909
47625.0,1.83136
47645.8,1.62016
47666.7,1.40987
47687.5,1.20372
47708.3,1.00468
47729.2,0.816966
47750.0,0.6429
47770.8,0.486621
47791.7,0.34969
47812.5,0.235366
47833.3,0.144236
47854.2,0.0797672
47875.0,0.0411167
47895.8,0.0298124
47916.7,0.0466979
47937.5,0.0909689
47958.3,0.161154
47979.2,0.256949
48000.0,0.376294
48020.8,0.517215
48041.7,0.677545
48062.5,0.854761
48083.3,1.0449
48104.2,1.24553
48125.0,1.45343
48145.8,1.66448
48166.7,1.87477
48187.5,2.08181
48208.3,2.28166
48229.2,2.47018
48250.0,2.64501
48270.8,2.80286
48291.7,2.94145
48312.5,3.05744
48333.3,3.15017
48354.2,3.21691
48375.0,3.25736
48395.8,3.27018
48416.7,3.25566
48437.5,3.2138
48458.3,3.14449
48479.2,3.05103
48500.0,2.93344
48520.8,2.79326
48541.7,2.6345
48562.5,2.45895
48583.3,2.2695
48604.2,2.06898
48625.0,1.8619
48645.8,1.65076
48666.7,1.44056
48687.5,1.23272
48708.3,1.0328
48729.2,0.842746
48750.0,0.667084
48770.8,0.507575
48791.7,0.368119
48812.5,0.249779
48833.3,0.156344
48854.2,0.0870212
48875.0,0.0450878
48895.8,0.0297938
48916.7,0.0427112
48937.5,0.0829735
48958.3,0.148991
48979.2,0.24165
49000.0,0.357653
49020.8,0.495483
49041.7,0.653466
49062.5,0.828274
49083.3,1.01674
49104.2,1.21654
49125.0,1.42284
49145.8,1.63391
49166.7,1.84502
49187.5,2.05204
49208.3,2.25342
49229.2,2.4436
49250.0,2.62089
49270.8,2.78116
49291.7,2.92223
49312.5,3.04215
49333.3,3.13805
49354.2,3.20897
49375.0,3.25327
49395.8,3.27023
49416.7,3.25892
49437.5,3.22107
49458.3,3.15665
49479.2,3.06631
49500.0,2.95194
49520.8,2.81507
49541.7,2.65868
49562.5,2.48462
49583.3,2.29691
49604.2,2.09871
49625.0,1.8925
49645.8,1.68143
49666.7,1.47035
49687.5,1.2625
49708.3,1.06105
49729.2,0.870149
49750.0,0.691303
49770.8,0.530069
49791.7,0.386678
49812.5,0.265887
49833.3,0.168335
49854.2,0.0951104
49875.0,0.0491201
49895.8,0.0305885
49916.7,0.0394818
49937.5,0.0750192
49958.3,0.137722
49979.2,0.226388
50000.0,0.339153
50020.8,0.474558
50041.7,0.629216
50062.5,0.801632
50083.3,0.988567
50104.2,1.18673
50125.0,1.39299
50145.8,1.60329
50166.7,1.81435
50187.5,2.0222
50208.3,2.2244
50229.2,2.41701
50250.0,2.59585
50270.8,2.75939
50291.7,2.90359
50312.5,3.02605
50333.3,3.12594
50354.2,3.20017
50375.0,3.24846
50395.8,3.26946
50416.7,3.26206
50437.5,3.22823
50458.3,3.16708
50479.2,3.08085
50500.0,2.96966
50520.8,2.83591
50541.7,2.68204
50562.5,2.51115
50583.3,2.32524
50604.2,2.12774
50625.0,1.9223
50645.8,1.71207
50666.7,1.50094
50687.5,1.2923
50708.3,1.09009
50729.2,0.896734
50750.0,0.716256
50770.8,0.551924
50791.7,0.4061
50812.5,0.281988
50833.3,0.180492
50854.2,0.103911
50875.0,0.0540135
50895.8,0.0313705
50916.7,0.0362008
50937.5,0.0684527
50958.3,0.127317
50979.2,0.211869
51000.0,0.321449
51020.8,0.453642
51041.7,0.605928
51062.5,0.775945
51083.3,0.961205
51104.2,1.15777
51125.0,1.3624
51145.8,1.57262
51166.7,1.78375
51187.5,1.99321
51208.3,2.19629
51229.2,2.38963
51250.0,2.57084
51270.8,2.73683
51291.7,2.8835
51312.5,3.00997
51333.3,3.11307
51354.2,3.19127
51375.0,3.24273
51395.8,3.2678
51416.7,3.26533
51437.5,3.23468
51458.3,3.17753
51479.2,3.0946
51500.0,2.98734
51520.8,2.85688
51541.7,2.70542
51562.5,2.53702
51583.3,2.35252
51604.2,2.15676
51625.0,1.95213
51645.8,1.74271
51666.7,1.53146
51687.5,1.32211
51708.3,1.1183
51729.2,0.924027
51750.0,0.741237
51770.8,0.574478
51791.7,0.42618
51812.5,0.298106
51833.3,0.193336
51854.2,0.113549
51875.0,0.0595975
51895.8,0.033005
51916.7,0.0338755
51937.5,0.0620108
51958.3,0.116848
51979.2,0.198229
52000.0,0.304589
52020.8,0.433449
52041.7,0.582516
52062.5,0.750848
52083.3,0.933724
52104.2,1.1288
52125.0,1.33261
52145.8,1.542
52166.7,1.75309
52187.5,1.96267
52208.3,2.16725
52229.2,2.36225
52250.0,2.54596
52270.8,2.71347
52291.7,2.86417
52312.5,2.993
52333.3,3.09939
52354.2,3.1816
52375.0,3.23721
52395.8,3.26616
52416.7,3.26699
52437.5,3.24115
52458.3,3.18805
52479.2,3.1082
52500.0,3.00431
52520.8,2.87702
52541.7,2.72875
52562.5,2.56199
52583.3,2.37992
52604.2,2.18581
52625.0,1.98196
52645.8,1.77328
52666.7,1.5622
52687.5,1.35192
52708.3,1.14723
52729.2,0.951476
52750.0,0.766984
52770.8,0.597833
52791.7,0.446351
52812.5,0.315843
52833.3,0.207009
52854.2,0.124136
52875.0,0.0660391
52895.8,0.0354099
52916.7,0.032228
52937.5,0.0564073
52958.3,0.107951
52979.2,0.185361
53000.0,0.2876
53020.8,0.413286
53041.7,0.559883
53062.5,0.725149
53083.3,0.906357
53104.2,1.09972
53125.0,1.30269
53145.8,1.51139
53166.7,1.72329
53187.5,1.9328
53208.3,2.13827
53229.2,2.33486
53250.0,2.52009
53270.8,2.69093
53291.7,2.84325
53312.5,2.97615
53333.3,3.08573
53354.2,3.17115
53375.0,3.23074
53395.8,3.26375
53416.7,3.26868
53437.5,3.24596
53458.3,3.19689
53479.2,3.12117
53500.0,3.02044
53520.8,2.89637
53541.7,2.75133
53562.5,2.58703
53583.3,2.40726
53604.2,2.21473
53625.0,2.01169
53645.8,1.80386
53666.7,1.59197
53687.5,1.38254
53708.3,1.17631
53729.2,0.97885
53750.0,0.792777
53770.8,0.621252
53791.7,0.467318
53812.5,0.332678
53833.3,0.221589
53854.2,0.134552
53875.0,0.072514
53895.8,0.0378826
53916.7,0.0306511
53937.5,0.0507709
53958.3,0.0983334
53979.2,0.172429
54000.0,0.271547
54020.8,0.393995
54041.7,0.537346
54062.5,0.700065
54083.3,0.879057
54104.2,1.0715
54125.0,1.27291
54145.8,1.48166
54166.7,1.69275
54187.5,1.90297
54208.3,2.10928
54229.2,2.3074
54250.0,2.49432
54270.8,2.6667
54291.7,2.82233
54312.5,2.9576
54333.3,3.07122
54354.2,3.16056
54375.0,3.22348
54395.8,3.26045
54416.7,3.26936
54437.5,3.25169
54458.3,3.2058
54479.2,3.1341
54500.0,3.03655
54520.8,2.91565
54541.7,2.77311
54562.5,2.61195
54583.3,2.43394
54604.2,2.24299
54625.0,2.04163
54645.8,1.83372
54666.7,1.62261
54687.5,1.41235
54708.3,1.20607
54729.2,1.00707
54750.0,0.818535
54770.8,0.644525
54791.7,0.488211
54812.5,0.351275
54833.3,0.236003
54854.2,0.145004
54875.0,0.0797875
54895.8,0.0410608
54916.7,0.0297715
54937.5,0.0468034
54958.3,0.0902162
54979.2,0.1604
55000.0,0.255395
55020.8,0.374657
55041.7,0.515663
55062.5,0.675929
55083.3,0.852364
55104.2,1.04254
55125.0,1.24314
55145.8,1.45103
55166.7,1.66207
55187.5,1.87234
55208.3,2.07943
55229.2,2.2792
55250.0,2.46771
55270.8,2.6434
55291.7,2.80128
55312.5,2.93982
55333.3,3.05673
55354.2,3.14933
55375.0,3.21612
55395.8,3.25647
55416.7,3.27023
55437.5,3.25569
55458.3,3.21377
55479.2,3.14613
55500.0,3.05183
55520.8,2.93422
55541.7,2.79487
55562.5,2.6361
55583.3,2.46057
55604.2,2.27106
55625.0,2.0713
55645.8,1.86434
55666.7,1.65324
55687.5,1.44302
55708.3,1.23511
55729.2,1.03533
55750.0,0.84517
55770.8,0.668695
55791.7,0.509915
55812.5,0.36979
55833.3,0.251386
55854.2,0.157116
55875.0,0.0877821
55895.8,0.0451571
55916.7,0.0297944
55937.5,0.0426621
55958.3,0.0821823
55979.2,0.148241
56000.0,0.240042
56020.8,0.356066
56041.7,0.49388
56062.5,0.651855
56083.3,0.825708
56104.2,1.01424
56125.0,1.21411
56145.8,1.42037
56166.7,1.6315
56187.5,1.84249
56208.3,2.04962
56229.2,2.25104
56250.0,2.44201
56270.8,2.61838
56291.7,2.77951
56312.5,2.92133
56333.3,3.04056
56354.2,3.13724
56375.0,3.20814
56395.8,3.2525
56416.7,3.26938
56437.5,3.25971
56458.3,3.22188
56479.2,3.15739
56500.0,3.06717
56520.8,2.9527
56541.7,2.81661
56562.5,2.66031
56583.3,2.48706
56604.2,2.29935
56625.0,2.10034
56645.8,1.89417
56666.7,1.68384
56687.5,1.47273
56708.3,1.26487
56729.2,1.06344
56750.0,0.87174
56770.8,0.693685
56791.7,0.531708
56812.5,0.388303
56833.3,0.266688
56854.2,0.169146
56875.0,0.0959341
56895.8,0.0499582
56916.7,0.0305954
56937.5,0.0386834
56958.3,0.074856
56979.2,0.136986
57000.0,0.225564
57020.8,0.338418
57041.7,0.472961
57062.5,0.627583
57083.3,0.800084
57104.2,0.986928
57125.0,1.18432
57145.8,1.39062
57166.7,1.60089
57187.5,1.81192
57208.3,2.02061
57229.2,2.22281
57250.0,2.41454
57270.8,2.59421
57291.7,2.75781
57312.5,2.90193
57333.3,3.02528
57354.2,3.12514
57375.0,3.19928
57395.8,3.24768
57416.7,3.2694
57437.5,3.26293
57458.3,3.22917
57479.2,3.16781
57500.0,3.08167
57520.8,2.97052
57541.7,2.8375
57562.5,2.68449
57583.3,2.51286
57604.2,2.32763
57625.0,2.13021
57645.8,1.92475
57666.7,1.71439
57687.5,1.50336
57708.3,1.29477
57729.2,1.09171
57750.0,0.898288
57770.8,0.718645
57791.7,0.553421
57812.5,0.407671
57833.3,0.282749
57854.2,0.181218
57875.0,0.104697
57895.8,0.0548163
57916.7,0.0313597
57937.5,0.0361427
57958.3,0.0677609
57979.2,0.126471
58000.0,0.211066
58020.8,0.320608
58041.7,0.452024
58062.5,0.604275
58083.3,0.774273
58104.2,0.958759
58125.0,1.15536
58145.8,1.36078
58166.7,1.57023
58187.5,1.78136
58208.3,1.99081
58229.2,2.1938
58250.0,2.388
58270.8,2.56919
58291.7,2.73524
58312.5,2.88264
58333.3,3.00829
58354.2,3.1123
58375.0,3.19051
58395.8,3.24285
58416.7,3.2678
58437.5,3.26533
58458.3,3.23549
58479.2,3.17833
58500.0,3.09533
58520.8,2.98822
58541.7,2.85857
58562.5,2.70706
58583.3,2.53866
58604.2,2.35497
58625.0,2.15912
58645.8,1.95457
58666.7,1.74508
58687.5,1.53396
58708.3,1.32451
58729.2,1.12067
58750.0,0.925733
58770.8,0.743609
58791.7,0.576095
58812.5,0.42781
58833.3,0.299688
58854.2,0.195028
58875.0,0.114399
58895.8,0.0604255
58916.7,0.0329907
58937.5,0.0338857
58958.3,0.06123
58979.2,0.116844
59000.0,0.197377
59020.8,0.302942
59041.7,0.431786
59062.5,0.580866
59083.3,0.748412
59104.2,0.931336
59125.0,1.12635
59145.8,1.33013
59166.7,1.53962
59187.5,1.75072
59208.3,1.96105
59229.2,2.16485
59250.0,2.36053
59270.8,2.54354
59291.7,2.7118
59312.5,2.86247
59333.3,2.99144
59354.2,3.09865
59375.0,3.18073
59395.8,3.2363
59416.7,3.26534
59437.5,3.26697
59458.3,3.24124
59479.2,3.18802
59500.0,3.10904
59520.8,3.00511
59541.7,2.87864
59562.5,2.73041
59583.3,2.56439
59604.2,2.38234
59625.0,2.18821
59645.8,1.98444
59666.7,1.7757
59687.5,1.5637
59708.3,1.3543
59729.2,1.1497
59750.0,0.953086
59770.8,0.76865
59791.7,0.599403
59812.5,0.44797
59833.3,0.316645
59854.2,0.208648
59875.0,0.124856
59895.8,0.0668549
59916.7,0.0354046
59937.5,0.0322274
59958.3,0.0555624
59979.2,0.107152
60000.0,0.184453
60020.8,0.286074
60041.7,0.411714
60062.5,0.55838
60083.3,0.72346
60104.2,0.903939
60125.0,1.09733
60145.8,1.30035
60166.7,1.50902
60187.5,1.72093
60208.3,1.93039
60229.2,2.13586
60250.0,2.33318
60270.8,2.51855
60291.7,2.68836
60312.5,2.84159
60333.3,2.9745
60354.2,3.08487
60375.0,3.17029
60395.8,3.2299
60416.7,3.26295
60437.5,3.26854
60458.3,3.2468
60479.2,3.19769
60500.0,3.12193
60520.8,3.02203
60541.7,2.89799
60562.5,2.75296
60583.3,2.58938
60604.2,2.40971
60625.0,2.2164
60645.8,2.01419
60666.7,1.80552
60687.5,1.59443
60708.3,1.38412
60729.2,1.17865
60750.0,0.981295
60770.8,0.794378
60791.7,0.622752
60812.5,0.468905
60833.3,0.334465
60854.2,0.222342
60875.0,0.135337
60895.8,0.0733426
60916.7,0.0378363
60937.5,0.0305975
60958.3,0.0507384
60979.2,0.0974817
61000.0,0.171638
61020.8,0.269917
61041.7,0.3923
61062.5,0.535753
61083.3,0.69847
61104.2,0.877379
61125.0,1.0691
61145.8,1.27057
61166.7,1.47927
61187.5,1.69027
61208.3,1.90057
61229.2,2.10684
61250.0,2.30498
61270.8,2.49186
61291.7,2.66515
61312.5,2.82064
61333.3,2.95671
61354.2,3.07038
61375.0,3.15979
61395.8,3.22343
61416.7,3.26052
61437.5,3.26933
61458.3,3.2516
61479.2,3.20659
61500.0,3.13486
61520.8,3.03815
61541.7,2.91731
61562.5,2.77472
61583.3,2.61357
61604.2,2.43642
61625.0,2.24536
61645.8,2.04399
61666.7,1.83606
61687.5,1.62505
61708.3,1.41481
61729.2,1.20769
61750.0,1.00866
61770.8,0.820906
61791.7,0.646991
61812.5,0.489815
61833.3,0.352082
61854.2,0.237697
61875.0,0.145786
61895.8,0.0805675
61916.7,0.0419466
61937.5,0.029775
61958.3,0.0459101
61979.2,0.0894285
62000.0,0.159456
62020.8,0.254572
62041.7,0.373057
62062.5,0.514093
62083.3,0.673497
62104.2,0.850783
62125.0,1.04093
62145.8,1.24152
62166.7,1.44856
62187.5,1.65966
62208.3,1.86993
62229.2,2.07697
62250.0,2.2768
62270.8,2.46613
62291.7,2.64088
62312.5,2.79969
62333.3,2.93825
62354.2,3.05508
62375.0,3.14846
62395.8,3.21548
62416.7,3.25649
62437.5,3.27013
62458.3,3.25573
62479.2,3.21462
62500.0,3.1469
62520.8,3.05352
62541.7,2.93586
62562.5,2.79642
62583.3,2.63852
62604.2,2.46293
62625.0,2.27365
62645.8,2.07376
62666.7,1.86678
62687.5,1.65565
62708.3,1.44453
62729.2,1.23755
62750.0,1.03685
62770.8,0.847551
62791.7,0.671034
62812.5,0.511583
62833.3,0.370638
62854.2,0.252123
62875.0,0.157849
62895.8,0.0886847
62916.7,0.0459483
62937.5,0.0297798
62958.3,0.0418914
62979.2,0.0814485
63000.0,0.147389
63020.8,0.239321
63041.7,0.354514
63062.5,0.492275
63083.3,0.649362
63104.2,0.824225
63125.0,1.01268
63145.8,1.21172
63166.7,1.41883
63187.5,1.62905
63208.3,1.84014
63229.2,2.04803
63250.0,2.24854
63270.8,2.43947
63291.7,2.61685
63312.5,2.77794
63333.3,2.91975
63354.2,3.03975
63375.0,3.13645
63395.8,3.20738
63416.7,3.25246
63437.5,3.26936
63458.3,3.25968
63479.2,3.2226
63500.0,3.15811
63520.8,3.06795
63541.7,2.95435
63562.5,2.81831
63583.3,2.66189
63604.2,2.48865
63625.0,2.30186
63645.8,2.10275
63666.7,1.89652
63687.5,1.68629
63708.3,1.47521
63729.2,1.26735
63750.0,1.06512
63770.8,0.874108
63791.7,0.695263
63812.5,0.533332
63833.3,0.389967
63854.2,0.268277
63875.0,0.17004
63895.8,0.0966915
63916.7,0.0499664
63937.5,0.0305282
63958.3,0.0386804
63979.2,0.0740817
64000.0,0.136195
64020.8,0.224776
64041.7,0.336799
64062.5,0.471343
64083.3,0.625981
64104.2,0.797581
64125.0,0.984567
64145.8,1.18277
64166.7,1.38813
64187.5,1.59838
64208.3,1.80956
64229.2,2.01813
64250.0,2.22041
64270.8,2.41288
64291.7,2.59267
64312.5,2.75539
64333.3,2.90038
64354.2,3.02361
64375.0,3.12345
64395.8,3.19849
64416.7,3.24766
64437.5,3.26859
64458.3,3.26289
64479.2,3.22913
64500.0,3.16869
64520.8,3.08241
64541.7,2.97203
64562.5,2.83912
64583.3,2.68614
64604.2,2.51526
64625.0,2.32925
64645.8,2.13265
64666.7,1.92708
64687.5,1.71686
64708.3,1.50592
64729.2,1.29712
64750.0,1.09412
64770.8,0.900751
64791.7,0.720256
64812.5,0.555076
64833.3,0.409292
64854.2,0.28442
64875.0,0.182914
64895.8,0.10558
64916.7,0.0547441
64937.5,0.0313866
64958.3,0.0354835
64979.2,0.0676856
65000.0,0.125609
65020.8,0.210242
65041.7,0.319142
65062.5,0.450355
65083.3,0.602629
65104.2,0.771844
65125.0,0.957151
65145.8,1.15285
65166.7,1.35832
65187.5,1.56789
65208.3,1.77887
65229.2,1.98838
65250.0,2.19147
65270.8,2.38557
65291.7,2.56685
65312.5,2.73278
65333.3,2.88103
65354.2,3.00759
65375.0,3.1107
65395.8,3.18964
65416.7,3.24197
65437.5,3.26784
65458.3,3.26543
65479.2,3.23556
65500.0,3.17912
65520.8,3.09693
65541.7,2.98991
65562.5,2.85941
65583.3,2.70942
65604.2,2.54027
65625.0,2.35729
65645.8,2.16157
65666.7,1.95704
65687.5,1.74752
65708.3,1.53644
65729.2,1.32692
65750.0,1.12306
65770.8,0.928114
65791.7,0.745287
65812.5,0.578485
65833.3,0.429448
65854.2,0.301347
65875.0,0.195748
65895.8,0.115217
65916.7,0.0603899
65937.5,0.0329911
65958.3,0.0338597
65979.2,0.0611788
66000.0,0.116079
66020.8,0.196593
66041.7,0.302071
66062.5,0.430203
66083.3,0.57923
66104.2,0.746891
66125.0,0.928956
66145.8,1.12391
66166.7,1.3278
66187.5,1.53721
66208.3,1.74909
66229.2,1.95853
66250.0,2.16236
66270.8,2.3582
66291.7,2.54191
66312.5,2.71025
66333.3,2.86093
66354.2,2.99063
66375.0,3.09785
66395.8,3.17997
66416.7,3.2364
66437.5,3.26535
66458.3,3.26774
66479.2,3.24193
66500.0,3.18878
66520.8,3.10988
66541.7,3.0067
66562.5,2.87949
66583.3,2.73199
66604.2,2.56597
66625.0,2.38397
66645.8,2.18978
66666.7,1.98684
66687.5,1.77813
66708.3,1.56617
66729.2,1.35674
66750.0,1.15204
66770.8,0.955455
66791.7,0.771017
66812.5,0.601047
66833.3,0.44954
66854.2,0.318284
66875.0,0.209399
66895.8,0.124901
66916.7,0.0668801
66937.5,0.0353888
66958.3,0.0314385
66979.2,0.0555783
67000.0,0.106396
67020.8,0.182822
67041.7,0.285232
67062.5,0.410071
67083.3,0.556776
67104.2,0.721174
67125.0,0.902328
67145.8,1.09569
67166.7,1.29792
67187.5,1.50739
67208.3,1.71852
67229.2,1.92793
67250.0,2.13337
67270.8,2.33078
67291.7,2.51609
67312.5,2.68695
67333.3,2.83994
67354.2,2.97288
67375.0,3.0833
67395.8,3.1695
67416.7,3.22987
67437.5,3.26292
67458.3,3.26852
67479.2,3.24686
67500.0,3.19845
67520.8,3.12353
67541.7,3.02283
67562.5,2.89955
67583.3,2.75457
67604.2,2.59105
67625.0,2.41136
67645.8,2.21888
67666.7,2.01658
67687.5,1.80784
67708.3,1.59682
67729.2,1.38652
67750.0,1.18114
67770.8,0.9829
67791.7,0.796815
67812.5,0.624332
67833.3,0.470478
67854.2,0.335966
67875.0,0.223959
67895.8,0.136156
67916.7,0.0741854
67937.5,0.03862
67958.3,0.0305647
67979.2,0.0500028
68000.0,0.0974928
68020.8,0.170771
68041.7,0.269106
68062.5,0.390783
68083.3,0.534125
68104.2,0.696936
68125.0,0.874944
68145.8,1.06676
68166.7,1.26883
68187.5,1.47686
68208.3,1.68786
68229.2,1.89819
68250.0,2.10437
68270.8,2.30261
68291.7,2.49035
68312.5,2.66353
68333.3,2.819
68354.2,2.95515
68375.0,3.06875
68395.8,3.15904
68416.7,3.22262
68437.5,3.25975
68458.3,3.26939
68479.2,3.25165
68500.0,3.20732
68520.8,3.13563
68541.7,3.03888
68562.5,2.91895
68583.3,2.77711
68604.2,2.61604
68625.0,2.43791
68645.8,2.24696
68666.7,2.04638
68687.5,1.83851
68708.3,1.62739
68729.2,1.41708
68750.0,1.21007
68770.8,1.01108
68791.7,0.822611
68812.5,0.648589
68833.3,0.491413
68854.2,0.353717
68875.0,0.238435
68895.8,0.146603
68916.7,0.0813541
68937.5,0.041858
68958.3,0.0298395
68979.2,0.045985
69000.0,0.0885813
69020.8,0.158731
69041.7,0.252978
69062.5,0.372236
69083.3,0.512379
69104.2,0.671974
69125.0,0.848391
69145.8,1.03852
69166.7,1.23919
69187.5,1.44614
69208.3,1.65725
69229.2,1.86836
69250.0,2.07543
69270.8,2.2752
69291.7,2.46375
69312.5,2.63942
69333.3,2.79806
69354.2,2.93664
69375.0,3.05428
69395.8,3.14682
69416.7,3.21543
69437.5,3.25652
69458.3,3.27027
69479.2,3.25644
69500.0,3.21542
69520.8,3.14775
69541.7,3.0543
69562.5,2.9374
69583.3,2.79875
69604.2,2.64016
69625.0,2.46454
69645.8,2.27601
69666.7,2.07617
69687.5,1.86911
69708.3,1.65805
69729.2,1.44693
69750.0,1.23988
69770.8,1.03932
69791.7,0.849192
69812.5,0.672685
69833.3,0.513134
69854.2,0.372176
69875.0,0.253812
69895.8,0.158703
69916.7,0.0886509
69937.5,0.0459478
69958.3,0.0298565
69979.2,0.0418805
70000.0,0.0805713
70020.8,0.146666
70041.7,0.237654
70062.5,0.353647
70083.3,0.490694
70104.2,0.647815
70125.0,0.821743
70145.8,1.01032
70166.7,1.20932
70187.5,1.41637
70208.3,1.62662
70229.2,1.83769
70250.0,2.04553
70270.8,2.24623
70291.7,2.43713
70312.5,2.61521
70333.3,2.77625
70354.2,2.91816
70375.0,3.0382
70395.8,3.13566
70416.7,3.20663
70437.5,3.25167
70458.3,3.26939
70479.2,3.25968
70500.0,3.22263
70520.8,3.15903
70541.7,3.06959
70562.5,2.95603
70583.3,2.8198
70604.2,2.66435
70625.0,2.49108
70645.8,2.30339
70666.7,2.10517
70687.5,1.89886
70708.3,1.6887
70729.2,1.47755
70750.0,1.26969
70770.8,1.06751
70791.7,0.875709
70812.5,0.696861
70833.3,0.534857
70854.2,0.391551
70875.0,0.269117
70895.8,0.170782
70916.7,0.0975288
70937.5,0.050815
70958.3,0.0306418
70979.2,0.0386582
71000.0,0.0733435
71020.8,0.13538
71041.7,0.223174
71062.5,0.3352
71083.3,0.469719
71104.2,0.62434
71125.0,0.795985
71145.8,0.982107
71166.7,1.18025
71187.5,1.38568
71208.3,1.59602
71229.2,1.80712
71250.0,2.01573
71270.8,2.21801
71291.7,2.41051
71312.5,2.59016
71333.3,2.75379
71354.2,2.89878
71375.0,3.02278
71395.8,3.12269
71416.7,3.19849
71437.5,3.24679
71458.3,3.26854
71479.2,3.26288
71500.0,3.22989
71520.8,3.16957
71541.7,3.08401
71562.5,2.97377
71583.3,2.84073
71604.2,2.68764
71625.0,2.51693
71645.8,2.33158
71666.7,2.13419
71687.5,1.9288
71708.3,1.71936
71729.2,1.50822
71750.0,1.29868
71770.8,1.09646
71791.7,0.903142
71812.5,0.721913
71833.3,0.557534
71854.2,0.410897
71875.0,0.286053
71895.8,0.183599
71916.7,0.106381
71937.5,0.055591
71958.3,0.0314186
71979.2,0.0354635
72000.0,0.0668556
72020.8,0.124832
72041.7,0.209389
72062.5,0.317443
72083.3,0.448703
72104.2,0.601019
72125.0,0.770144
72145.8,0.954708
72166.7,1.15131
72187.5,1.35592
72208.3,1.56542
72229.2,1.77726
72250.0,1.98594
72270.8,2.189
72291.7,2.38396
72312.5,2.56525
72333.3,2.7312
72354.2,2.87948
72375.0,3.006
72395.8,3.10989
72416.7,3.18886
72437.5,3.24201
72458.3,3.26773
72479.2,3.26539
72500.0,3.23639
72520.8,3.17991
72541.7,3.09777
72562.5,2.99056
72583.3,2.86093
72604.2,2.71112
72625.0,2.54268
72645.8,2.35896
72666.7,2.16325
72687.5,1.9594
72708.3,1.74991
72729.2,1.53805
72750.0,1.32934
72770.8,1.12475
72791.7,0.929652
72812.5,0.747678
72833.3,0.580045
72854.2,0.431045
72875.0,0.302092
72895.8,0.196516
72916.7,0.116036
72937.5,0.0611759
72958.3,0.0337395
72979.2,0.0330222
73000.0,0.0604774
73020.8,0.115281
73041.7,0.195838
73062.5,0.300435
73083.3,0.42861
73104.2,0.577621
73125.0,0.744441
73145.8,0.927241
73166.7,1.12231
73187.5,1.32613
73208.3,1.53484
73229.2,1.74673
73250.0,1.95616
73270.8,2.16073
73291.7,2.35659
73312.5,2.54023
73333.3,2.70864
73354.2,2.85935
73375.0,2.98893
73395.8,3.09615
73416.7,3.17911
73437.5,3.23555
73458.3,3.26537
73479.2,3.26779
73500.0,3.24201
73520.8,3.18959
73541.7,3.11145
73562.5,3.00754
73583.3,2.88106
73604.2,2.73361
73625.0,2.56761
73645.8,2.38636
73666.7,2.19222
73687.5,1.98914
73708.3,1.77967
73729.2,1.56865
73750.0,1.35925
73770.8,1.15372
73791.7,0.957888
73812.5,0.772695
73833.3,0.603463
73854.2,0.451129
73875.0,0.319859
73895.8,0.210294
73916.7,0.125725
73937.5,0.0676372
73958.3,0.0362966
73979.2,0.0314042
74000.0,0.0547957
74020.8,0.105492
74041.7,0.182129
74062.5,0.283602
74083.3,0.408435
74104.2,0.555119
74125.0,0.719486
74145.8,0.899964
74166.7,1.09332
74187.5,1.29624
74208.3,1.50494
74229.2,1.71606
74250.0,1.92635
74270.8,2.13174
74291.7,2.32841
74312.5,2.51449
74333.3,2.6852
74354.2,2.8383
74375.0,2.97214
74395.8,3.08239
74416.7,3.16876
74437.5,3.22917
74458.3,3.26289
74479.2,3.26859
74500.0,3.24767
74520.8,3.19923
74541.7,3.12429
74562.5,3.02452
74583.3,2.90118
74604.2,2.7561
74625.0,2.59267
74645.8,2.41381
74666.7,2.22123
74687.5,2.01899
74708.3,1.81028
74729.2,1.59917
74750.0,1.38899
74770.8,1.18354
74791.7,0.985263
74812.5,0.79837
74833.3,0.626768
74854.2,0.472095
74875.0,0.336758
74895.8,0.224834
74916.7,0.13696
74937.5,0.0741603
74958.3,0.03867
74979.2,0.0306499
75000.0,0.0499399
75020.8,0.0967121
75041.7,0.169154
75062.5,0.267405
75083.3,0.389173
75104.2,0.532486
75125.0,0.69443
75145.8,0.873395
75166.7,1.06507
75187.5,1.2665
75208.3,1.47437
75229.2,1.68546
75250.0,1.89576
75270.8,2.10196
75291.7,2.30093
75312.5,2.48873
75333.3,2.6619
75354.2,2.81738
75375.0,2.95359
75395.8,3.06799
75416.7,3.1574
75437.5,3.22176
75458.3,3.2598
75479.2,3.26938
75500.0,3.2524
75520.8,3.20737
75541.7,3.1365
75562.5,3.04062
75583.3,2.91974
75604.2,2.77875
75625.0,2.61752
75645.8,2.44024
75666.7,2.24946
75687.5,2.04881
75708.3,1.84095
75729.2,1.62979
75750.0,1.41964
75770.8,1.21249
75791.7,1.01355
75812.5,0.824937
75833.3,0.650078
75854.2,0.49307
75875.0,0.355314
75895.8,0.23923
75916.7,0.148337
75937.5,0.0813453
75958.3,0.0419466
75979.2,0.0298512
76000.0,0.0450539
76020.8,0.0878325
76041.7,0.157065
76062.5,0.252177
76083.3,0.370597
76104.2,0.510828
76125.0,0.670279
76145.8,0.846772
76166.7,1.03611
76187.5,1.23674
76208.3,1.44371
76229.2,1.65486
76250.0,1.86595
76270.8,2.07302
76291.7,2.27268
76312.5,2.46203
76333.3,2.63766
76354.2,2.79643
76375.0,2.93578
76395.8,3.05264
76416.7,3.1461
76437.5,3.21464
76458.3,3.25572
76479.2,3.27017
76500.0,3.25648
76520.8,3.21613
76541.7,3.14851
76562.5,3.05587
76583.3,2.93904
76604.2,2.80056
76625.0,2.64166
76645.8,2.46691
76666.7,2.27761
76687.5,2.07784
76708.3,1.87076
76729.2,1.6604
76750.0,1.44934
76770.8,1.24235
76791.7,1.04172
76812.5,0.851628
76833.3,0.674359
76854.2,0.514806
76875.0,0.373809
76895.8,0.254614
76916.7,0.159488
76937.5,0.089413
76958.3,0.045965
76979.2,0.0297875
77000.0,0.0419087
77020.8,0.0804567
77041.7,0.145788
77062.5,0.236861
77083.3,0.352093
77104.2,0.489027
77125.0,0.64614
77145.8,0.820127
77166.7,1.00788
77187.5,1.20691
77208.3,1.4139
77229.2,1.62416
77250.0,1.83534
77270.8,2.04323
77291.7,2.24463
77312.5,2.43549
77333.3,2.61275
77354.2,2.77469
77375.0,2.91652
77395.8,3.03738
77416.7,3.134
77437.5,3.20656
77458.3,3.25167
77479.2,3.26944
77500.0,3.26051
77520.8,3.22347
77541.7,3.15974
77562.5,3.07036
77583.3,2.95681
77604.2,2.82138
77625.0,2.66591
77645.8,2.49272
77666.7,2.30579
77687.5,2.10758
77708.3,1.90134
77729.2,1.69111
77750.0,1.48006
77770.8,1.27137
77791.7,1.06993
77812.5,0.878226
77833.3,0.699252
77854.2,0.536616
77875.0,0.393165
77895.8,0.270697
77916.7,0.171578
77937.5,0.0982879
77958.3,0.0507724
77979.2,0.0305859
78000.0,0.0378254
78020.8,0.0733302
78041.7,0.134605
78062.5,0.222407
78083.3,0.333588
78104.2,0.468062
78125.0,0.621951
78145.8,0.794367
78166.7,0.980568
78187.5,1.17786
78208.3,1.38337
78229.2,1.59363
78250.0,1.80465
78270.8,2.01337
78291.7,2.21563
78312.5,2.40896
78333.3,2.58861
78354.2,2.75219
78375.0,2.89711
78395.8,3.02122
78416.7,3.12195
78437.5,3.19771
78458.3,3.24688
78479.2,3.26855
78500.0,3.26294
78520.8,3.23076
78541.7,3.17033
78562.5,3.08486
78583.3,2.97528
78604.2,2.84237
78625.0,2.68932
78645.8,2.51921
78666.7,2.33406
78687.5,2.13661
78708.3,1.93122
78729.2,1.72176
78750.0,1.5098
78770.8,1.30109
78791.7,1.09805
78812.5,0.904826
78833.3,0.724264
78854.2,0.559128
78875.0,0.412443
78895.8,0.286794
78916.7,0.184507
78937.5,0.107173
78958.3,0.0555885
78979.2,0.0321836
79000.0,0.0354387
79020.8,0.0660514
79041.7,0.12412
79062.5,0.207836
79083.3,0.316574
79104.2,0.447158
79125.0,0.59857
79145.8,0.768655
79166.7,0.952346
79187.5,1.14886
79208.3,1.3535
79229.2,1.56301
79250.0,1.77481
79270.8,1.98359
79291.7,2.18743
79312.5,2.38155
79333.3,2.56363
79354.2,2.72956
79375.0,2.8778
79395.8,3.00514
79416.7,3.10907
79437.5,3.18799
79458.3,3.24123
79479.2,3.26695
79500.0,3.2662
79520.8,3.23712
79541.7,3.18077
79562.5,3.09861
79583.3,2.99228
79604.2,2.86251
79625.0,2.71267
79645.8,2.54429
79666.7,2.36145
79687.5,2.16559
79708.3,1.96178
79729.2,1.75225
79750.0,1.5405
79770.8,1.33096
79791.7,1.12711
79812.5,0.932148
79833.3,0.749298
79854.2,0.581676
79875.0,0.432652
79895.8,0.303677
79916.7,0.198142
79937.5,0.116868
79958.3,0.0620374
79979.2,0.0337719
80000.0,0.0330356
80020.8,0.0604554
80041.7,0.114466
80062.5,0.194133
80083.3,0.298908
80104.2,0.426968
80125.0,0.57598
80145.8,0.742781
80166.7,0.924899
80187.5,1.11985
80208.3,1.32369
80229.2,1.53316
80250.0,1.74427
80270.8,1.95382
80291.7,2.1584
80312.5,2.35419
80333.3,2.53792
80354.2,2.70697
80375.0,2.85764
80395.8,2.98817
80416.7,3.09531
80437.5,3.17839
80458.3,3.2355
80479.2,3.26533
80500.0,3.26781
80520.8,3.24276
80541.7,3.19044
80562.5,3.11231
80583.3,3.00913
80604.2,2.88271
80625.0,2.73526
80645.8,2.57009
80666.7,2.38879
80687.5,2.19459
80708.3,1.99168
80729.2,1.78211
80750.0,1.57103
80770.8,1.36157
80791.7,1.15612
80812.5,0.959569
80833.3,0.775017
80854.2,0.605052
80875.0,0.452822
80895.8,0.320611
80916.7,0.211888
80937.5,0.126438
80958.3,0.0676696
80979.2,0.036264
81000.0,0.0313867
81020.8,0.0548612
81041.7,0.104679
81062.5,0.181321
81083.3,0.282781
81104.2,0.407678
81125.0,0.553451
81145.8,0.717871
81166.7,0.898332
81187.5,1.0908
81208.3,1.29389
81229.2,1.50255
81250.0,1.71368
81270.8,1.92388
81291.7,2.1294
81312.5,2.32677
81333.3,2.51212
81354.2,2.68361
81375.0,2.83678
81395.8,2.97037
81416.7,3.08161
81437.5,3.16786
81458.3,3.22825
81479.2,3.26297
81500.0,3.26936
81520.8,3.24763
81541.7,3.2001
81562.5,3.1252
81583.3,3.02524
81604.2,2.90285
81625.0,2.75778
81645.8,2.59506
81666.7,2.4154
81687.5,2.22285
81708.3,2.02138
81729.2,1.81272
81750.0,1.60164
81770.8,1.39139
81791.7,1.18514
81812.5,0.987656
81833.3,0.800746
81854.2,0.628448
81875.0,0.473684
81895.8,0.338396
81916.7,0.225553
81937.5,0.137784
81958.3,0.074937
81979.2,0.0386286
82000.0,0.0306618
82020.8,0.0499983
82041.7,0.0958956
82062.5,0.16831
82083.3,0.266644
82104.2,0.388349
82125.0,0.53097
82145.8,0.692837
82166.7,0.870819
82187.5,1.06263
82208.3,1.26411
82229.2,1.47192
82250.0,1.68309
82270.8,1.8933
82291.7,2.09963
82312.5,2.29851
82333.3,2.48628
82354.2,2.65953
82375.0,2.81576
82395.8,2.9529
82416.7,3.06641
82437.5,3.15657
82458.3,3.22187
82479.2,3.2597
82500.0,3.27018
82520.8,3.25252
82541.7,3.20816
82562.5,3.13732
82583.3,3.04138
82604.2,2.92137
82625.0,2.78037
82645.8,2.61926
82666.7,2.44195
82687.5,2.25185
82708.3,2.05124
82729.2,1.8433
82750.0,1.63231
82770.8,1.4212
82791.7,1.21491
82812.5,1.01516
82833.3,0.826649
82854.2,0.652571
82875.0,0.494697
82895.8,0.356965
82916.7,0.240908
82937.5,0.14905
82958.3,0.0821705
82979.2,0.042662
83000.0,0.0298513
83020.8,0.0451113
83041.7,0.0877799
83062.5,0.156181
83083.3,0.25056
83104.2,0.368967
83125.0,0.50917
83145.8,0.668701
83166.7,0.844326
83187.5,1.03449
83208.3,1.23432
83229.2,1.44131
83250.0,1.65243
83270.8,1.86348
83291.7,2.07059
83312.5,2.27035
83333.3,2.45968
83354.2,2.63534
83375.0,2.79485
83395.8,2.9342
83416.7,3.05186
83437.5,3.14534
83458.3,3.21379
83479.2,3.25567
83500.0,3.27024
83520.8,3.2565
83541.7,3.21618
83562.5,3.1493
83583.3,3.05668
83604.2,2.93991
83625.0,2.80215
83645.8,2.64341
83666.7,2.46851
83687.5,2.28001
83708.3,2.08028
83729.2,1.8732
83750.0,1.6629
83770.8,1.45184
83791.7,1.24393
83812.5,1.04335
83833.3,0.853218
83854.2,0.676726
83875.0,0.516471
83895.8,0.375425
83916.7,0.256228
83937.5,0.160288
83958.3,0.0902928
83979.2,0.0468174
84000.0,0.0297883
84020.8,0.0411175
84041.7,0.0797243
84062.5,0.145096
84083.3,0.236007
84104.2,0.350451
84125.0,0.487407
84145.8,0.6446
84166.7,0.817708
84187.5,1.00629
84208.3,1.20532
84229.2,1.41154
84250.0,1.62178
84270.8,1.8329
84291.7,2.04073
84312.5,2.24219
84333.3,2.43313
84354.2,2.61117
84375.0,2.77313
84395.8,2.91488
84416.7,3.03573
84437.5,3.13324
84458.3,3.20576
84479.2,3.25084
84500.0,3.26941
84520.8,3.26055
84541.7,3.22427
84562.5,3.16061
84583.3,3.07198
84604.2,2.95845
84625.0,2.82302
84645.8,2.66762
84666.7,2.49513
84687.5,2.30817
84708.3,2.11006
84729.2,1.90379
84750.0,1.69349
84770.8,1.48242
84791.7,1.27375
84812.5,1.07237
84833.3,0.879738
84854.2,0.700886
84875.0,0.538231
84895.8,0.39399
84916.7,0.2715
84937.5,0.172471
84958.3,0.0990757
84979.2,0.0516451
85000.0,0.0305859
85020.8,0.0378775
85041.7,0.0725186
85062.5,0.133799
85083.3,0.220777
85104.2,0.332759
85125.0,0.466505
85145.8,0.6204
85166.7,0.79201
85187.5,0.978052
85208.3,1.17544
85229.2,1.38092
85250.0,1.59112
85270.8,1.8022
85291.7,2.01095
85312.5,2.21398
85333.3,2.4065
85354.2,2.58615
85375.0,2.7505
85395.8,2.89556
85416.7,3.0205
85437.5,3.12113
85458.3,3.19689
85479.2,3.24602
85500.0,3.26857
85520.8,3.26378
85541.7,3.23065
85562.5,3.17107
85583.3,3.08571
85604.2,2.97613
85625.0,2.84393
85645.8,2.69099
85666.7,2.52102
85687.5,2.33559
85708.3,2.13907
85729.2,1.93361
85750.0,1.72412
85770.8,1.51218
85791.7,1.30359
85812.5,1.10055
85833.3,0.90714
85854.2,0.725942
85875.0,0.560717
85895.8,0.414155
85916.7,0.288433
85937.5,0.185285
85958.3,0.108041
85979.2,0.0564531
86000.0,0.0322546
86020.8,0.035413
86041.7,0.066049
86062.5,0.123289
86083.3,0.207034
86104.2,0.314989
86125.0,0.44555
86145.8,0.597009
86166.7,0.766135
86187.5,0.950717
86208.3,1.14646
86229.2,1.35118
86250.0,1.56138
86270.8,1.77246
86291.7,1.9811
86312.5,2.18499
86333.3,2.37911
86354.2,2.56121
86375.0,2.72802
86395.8,2.87628
86416.7,3.00353
86437.5,3.10824
86458.3,3.1872
86479.2,3.24115
86500.0,3.26702
86520.8,3.26619
86541.7,3.23711
86562.5,3.18152
86583.3,3.10017
86604.2,2.99391
86625.0,2.86408
86645.8,2.71428
86666.7,2.54671
86687.5,2.36297
86708.3,2.16803
86729.2,1.96346
86750.0,1.75398
86770.8,1.54279
86791.7,1.33339
86812.5,1.12954
86833.3,0.934614
86854.2,0.75083
86875.0,0.583304
86895.8,0.433475
86916.7,0.304496
86937.5,0.198997
86958.3,0.117624
86979.2,0.0620523
87000.0,0.0338133
87020.8,0.033136
87041.7,0.0596449
87062.5,0.113556
87083.3,0.193327
87104.2,0.298051
87125.0,0.425394
87145.8,0.57444
87166.7,0.74124
87187.5,0.923303
87208.3,1.11743
87229.2,1.32127
87250.0,1.53078
87270.8,1.74188
87291.7,1.95127
87312.5,2.15594
87333.3,2.35177
87354.2,2.53621
87375.0,2.70462
87395.8,2.85604
87416.7,2.98664
87437.5,3.09454
87458.3,3.17752
87479.2,3.23476
87500.0,3.26535
87520.8,3.26779
87541.7,3.24285
87562.5,3.19124
87583.3,3.11309
87604.2,3.01083
87625.0,2.88427
87645.8,2.73764
87666.7,2.57172
87687.5,2.39036
87708.3,2.1971
87729.2,1.99401
87750.0,1.78452
87770.8,1.57345
87791.7,1.36316
87812.5,1.15857
87833.3,0.961941
87854.2,0.776578
87875.0,0.60664
87895.8,0.454422
87916.7,0.322256
87937.5,0.21267
87958.3,0.127252
87979.2,0.068527
88000.0,0.0362317
88020.8,0.0314443
88041.7,0.0538988
88062.5,0.103919
88083.3,0.180433
88104.2,0.281165
88125.0,0.40606
88145.8,0.551056
88166.7,0.715444
88187.5,0.895943
88208.3,1.08926
88229.2,1.29143
88250.0,1.50018
88270.8,1.7112
88291.7,1.92151
88312.5,2.127
88333.3,2.32434
88354.2,2.51044
88375.0,2.68124
88395.8,2.83508
88416.7,2.96885
88437.5,3.08
88458.3,3.16708
88479.2,3.22828
88500.0,3.26213
88520.8,3.26943
88541.7,3.24847
88562.5,3.20011
88583.3,3.12601
88604.2,3.02691
88625.0,2.90361
88645.8,2.75942
88666.7,2.59671
88687.5,2.41779
88708.3,2.22525
88729.2,2.02376
88750.0,1.81513
88770.8,1.60408
88791.7,1.39378
88812.5,1.18756
88833.3,0.989344
88854.2,0.802434
88875.0,0.630027
88895.8,0.475317
88916.7,0.340017
88937.5,0.227168
88958.3,0.138576
88979.2,0.0757828
89000.0,0.0394825
89020.8,0.0305906
89041.7,0.0491248
89062.5,0.0950909
89083.3,0.167605
89104.2,0.265036
89125.0,0.386694
89145.8,0.529401
89166.7,0.691226
89187.5,0.869372
89208.3,1.06026
89229.2,1.26164
89250.0,1.46952
89270.8,1.6806
89291.7,1.89088
89312.5,2.09796
89333.3,2.29607
89354.2,2.48471
89375.0,2.6579
89395.8,2.81415
89416.7,2.95108
89437.5,3.06562
89458.3,3.15572
89479.2,3.22106
89500.0,3.25893
89520.8,3.27014
89541.7,3.25332
89562.5,3.2089
89583.3,3.13799
89604.2,3.04214
89625.0,2.92292
89645.8,2.78201
89666.7,2.62158
89687.5,2.44446
89708.3,2.25425
89729.2,2.05287
89750.0,1.8458
89770.8,1.63466
89791.7,1.4236
89812.5,1.21738
89833.3,1.01757
89854.2,0.829108
89875.0,0.654162
89895.8,0.496234
89916.7,0.357665
89937.5,0.241645
89958.3,0.149846
89979.2,0.0829958
90000.0,0.0427779
90020.8,0.0298133
90041.7,0.0450915
90062.5,0.0870166
90083.3,0.155573
90104.2,0.249735
90125.0,0.367347
90145.8,0.507587
90166.7,0.666313
90187.5,0.842754
90208.3,1.03208
90229.2,1.2319
90250.0,1.4398
90270.8,1.65007
90291.7,1.86113
90312.5,2.06815
90333.3,2.26872
90354.2,2.45806
90375.0,2.63366
90395.8,2.79321
90416.7,2.93262
90437.5,3.05028
90458.3,3.14446
90479.2,3.21304
90500.0,3.25487
90520.8,3.27011
90541.7,3.25731
90562.5,3.21698
90583.3,3.15011
90604.2,3.0583
90625.0,2.94143
90645.8,2.80371
90666.7,2.64581
90687.5,2.47102
90708.3,2.28241
90729.2,2.08259
90750.0,1.87569
90770.8,1.66528
90791.7,1.45428
90812.5,1.24636
90833.3,1.04574
90854.2,0.855701
90875.0,0.678403
90895.8,0.518024
90916.7,0.377041
90937.5,0.257036
90958.3,0.161127
90979.2,0.0910619
91000.0,0.0467154
91020.8,0.0298038
91041.7,0.0410998
91062.5,0.0789482
91083.3,0.144159
91104.2,0.234453
91125.0,0.348813
91145.8,0.4858
91166.7,0.642096
91187.5,0.816095
91208.3,1.00393
91229.2,1.2028
91250.0,1.40915
91270.8,1.61933
91291.7,1.83045
91312.5,2.03837
91333.3,2.23975
91354.2,2.4315
91375.0,2.60962
91395.8,2.77151
91416.7,2.91414
91437.5,3.03494
91458.3,3.13242
91479.2,3.20493
91500.0,3.25092
91520.8,3.26926
91541.7,3.26054
91562.5,3.22429
91583.3,3.16136
91604.2,3.07281
91625.0,2.96
91645.8,2.82462
91666.7,2.66917
91687.5,2.49671
91708.3,2.3099
91729.2,2.11159
91750.0,1.90615
91770.8,1.6959
91791.7,1.48484
91812.5,1.2762
91833.3,1.07396
91854.2,0.882204
91875.0,0.70324
91895.8,0.539776
91916.7,0.395577
91937.5,0.273158
91958.3,0.173981
91979.2,0.0991118
92000.0,0.0515458
92020.8,0.0305823
92041.7,0.0378646
92062.5,0.0716945
92083.3,0.132939
92104.2,0.219943
92125.0,0.331163
92145.8,0.4649
92166.7,0.618706
92187.5,0.790417
92208.3,0.975714
92229.2,1.17389
92250.0,1.3793
92270.8,1.58885
92291.7,1.80064
92312.5,2.00934
92333.3,2.21151
92354.2,2.40411
92375.0,2.58462
92395.8,2.74891
92416.7,2.89478
92437.5,3.01879
92458.3,3.12036
92479.2,3.19614
92500.0,3.24601
92520.8,3.26858
92541.7,3.26379
92562.5,3.23156
92583.3,3.1719
92604.2,3.08732
92625.0,2.97774
92645.8,2.84564
92666.7,2.69336
92687.5,2.52255
92708.3,2.33801
92729.2,2.1414
92750.0,1.93594
92770.8,1.72575
92791.7,1.51477
92812.5,1.30601
92833.3,1.10299
92854.2,0.908788
92875.0,0.727532
92895.8,0.562313
92916.7,0.415728
92937.5,0.289187
92958.3,0.186939
92979.2,0.108716
93000.0,0.0572443
93020.8,0.0322278
93041.7,0.0346726
93062.5,0.0652772
93083.3,0.122406
93104.2,0.2062
93125.0,0.313448
93145.8,0.44394
93166.7,0.595421
93187.5,0.764661
93208.3,0.948297
93229.2,1.14411
93250.0,1.34868
93270.8,1.55894
93291.7,1.77005
93312.5,1.97952
93333.3,2.18256
93354.2,2.37755
93375.0,2.55963
93395.8,2.72642
93416.7,2.8746
93437.5,3.00188
93458.3,3.10666
93479.2,3.18644
93500.0,3.2404
93520.8,3.26698
93541.7,3.26624
93562.5,3.23799
93583.3,3.18233
93604.2,3.10098
93625.0,2.99472
93645.8,2.86578
93666.7,2.71584
93687.5,2.54828
93708.3,2.36545
93729.2,2.17045
93750.0,1.96584
93770.8,1.75631
93791.7,1.54526
93812.5,1.33581
93833.3,1.13199
93854.2,0.936188
93875.0,0.753296
93895.8,0.584911
93916.7,0.435083
93937.5,0.306182
93958.3,0.199779
93979.2,0.118404
94000.0,0.0628482
94020.8,0.0337961
94041.7,0.0330237
94062.5,0.0597162
94083.3,0.112815
94104.2,0.192536
94125.0,0.296465
94145.8,0.423753
94166.7,0.57198
94187.5,0.738784
94208.3,0.920905
94229.2,1.11508
94250.0,1.31891
94270.8,1.52827
94291.7,1.73944
94312.5,1.94887
94333.3,2.15355
94354.2,2.35012
94375.0,2.5338
94395.8,2.70295
94416.7,2.85446
94437.5,2.98498
94458.3,3.09296
94479.2,3.17674
94500.0,3.2339
94520.8,3.26461
94541.7,3.26784
94562.5,3.24359
94583.3,3.19199
94604.2,3.11398
94625.0,3.01164
94645.8,2.88592
94666.7,2.73919
94687.5,2.57336
94708.3,2.39287
94729.2,2.19863
94750.0,1.99553
94770.8,1.78702
94791.7,1.57585
94812.5,1.36561
94833.3,1.16099
94854.2,0.963621
94875.0,0.77907
94895.8,0.608304
94916.7,0.45602
94937.5,0.323872
94958.3,0.213525
94979.2,0.128094
95000.0,0.0692802
95020.8,0.0362502
95041.7,0.0313597
95062.5,0.0539545
95083.3,0.103081
95104.2,0.178886
95125.0,0.28031
95145.8,0.404522
95166.7,0.54947
95187.5,0.713817
95208.3,0.89343
95229.2,1.08682
95250.0,1.28913
95270.8,1.49773
95291.7,1.70875
95312.5,1.91913
95333.3,2.1246
95354.2,2.3219
95375.0,2.50803
95395.8,2.6797
95416.7,2.83342
95437.5,2.96812
95458.3,3.07922
95479.2,3.16628
95500.0,3.22754
95520.8,3.26217
95541.7,3.26941
95562.5,3.24849
95583.3,3.20088
95604.2,3.12679
95625.0,3.02766
95645.8,2.90524
95666.7,2.7618
95687.5,2.59823
95708.3,2.41937
95729.2,2.2277
95750.0,2.02537
95770.8,1.81752
95791.7,1.60642
95812.5,1.39616
95833.3,1.18989
95854.2,0.991716
95875.0,0.804807
95895.8,0.6317
95916.7,0.476953
95937.5,0.341565
95958.3,0.227922
95979.2,0.139346
96000.0,0.0757839
96020.8,0.0394572
96041.7,0.0306458
96062.5,0.049155
96083.3,0.0942608
96104.2,0.166757
96125.0,0.264247
96145.8,0.385088
96166.7,0.527677
96187.5,0.68884
96208.3,0.866932
96229.2,1.05786
96250.0,1.25919
96270.8,1.46713
96291.7,1.67821
96312.5,1.88926
96333.3,2.09556
96354.2,2.29455
96375.0,2.48232
96395.8,2.65618
96416.7,2.8126
96437.5,2.94949
96458.3,3.06475
96479.2,3.155
96500.0,3.2203
96520.8,3.25892
96541.7,3.27015
96562.5,3.2533
96583.3,3.20978
96604.2,3.13972
96625.0,3.04369
96645.8,2.92456
96666.7,2.78345
96687.5,2.62325
96708.3,2.44599
96729.2,2.25582
96750.0,2.05526
96770.8,1.84739
96791.7,1.63715
96812.5,1.42608
96833.3,1.21897
96854.2,1.01996
96875.0,0.830606
96895.8,0.655858
96916.7,0.497895
96937.5,0.359315
96958.3,0.243334
96979.2,0.150633
97000.0,0.0837777
97020.8,0.0426983
97041.7,0.0298468
97062.5,0.044267
97083.3,0.0861564
97104.2,0.15466
97125.0,0.248114
97145.8,0.366543
97166.7,0.505985
97187.5,0.66465
97208.3,0.840379
97229.2,1.02968
97250.0,1.23025
97270.8,1.4373
97291.7,1.64761
97312.5,1.85876
97333.3,2.06574
97354.2,2.26629
97375.0,2.45566
97395.8,2.63224
97416.7,2.79159
97437.5,2.93099
97458.3,3.04944
97479.2,3.14368
97500.0,3.21224
97520.8,3.25486
97541.7,3.27018
97562.5,3.25732
97583.3,3.21784
97604.2,3.15094
97625.0,3.05911
97645.8,2.94309
97666.7,2.80518
97687.5,2.64744
97708.3,2.47259
97729.2,2.28405
97750.0,2.08509
97770.8,1.87793
97791.7,1.66777
97812.5,1.45662
97833.3,1.24874
97854.2,1.04813
97875.0,0.857241
97895.8,0.679953
97916.7,0.519682
97937.5,0.377798
97958.3,0.258666
97979.2,0.161929
98000.0,0.0919187
98020.8,0.04755
98041.7,0.0297913
98062.5,0.0410774
98083.3,0.0788772
98104.2,0.143397
98125.0,0.23359
98145.8,0.348019
98166.7,0.48429
98187.5,0.640459
98208.3,0.813743
98229.2,1.00146
98250.0,1.20043
98270.8,1.40668
98291.7,1.61694
98312.5,1.82812
98333.3,2.03674
98354.2,2.23818
98375.0,2.429
98395.8,2.60712
98416.7,2.76902
98437.5,2.91252
98458.3,3.03331
98479.2,3.13158
98500.0,3.20413
98520.8,3.25086
98541.7,3.26938
98562.5,3.26139
98583.3,3.22511
98604.2,3.16224
98625.0,3.07363
98645.8,2.96161
98666.7,2.82621
98687.5,2.67158
98708.3,2.49907
98729.2,2.31229
98750.0,2.11404
98770.8,1.90854
98791.7,1.69754
98812.5,1.48656
98833.3,1.27856
98854.2,1.07636
98875.0,0.883832
98895.8,0.704907
98916.7,0.541468
98937.5,0.397176
98958.3,0.273939
98979.2,0.174863
99000.0,0.0998968
99020.8,0.0515914
99041.7,0.0305507
99062.5,0.0378086
99083.3,0.0717118
99104.2,0.132101
99125.0,0.219115
99145.8,0.329516
99166.7,0.463282
99187.5,0.617192
99208.3,0.788018
99229.2,0.974107
99250.0,1.17148
99270.8,1.37685
99291.7,1.58712
99312.5,1.79819
99333.3,2.00689
99354.2,2.20914
99375.0,2.40257
99395.8,2.58293
99416.7,2.74734
99437.5,2.89312
99458.3,3.01721
99479.2,3.11866
99500.0,3.19537
99520.8,3.24523
99541.7,3.26858
99562.5,3.26375
99583.3,3.23146
99604.2,3.17274
99625.0,3.08813
99645.8,2.97858
99666.7,2.84729
99687.5,2.69498
99708.3,2.52494
99729.2,2.33964
99750.0,2.14301
99770.8,1.93853
99791.7,1.7281
99812.5,1.51712
99833.3,1.30837
99854.2,1.10539
99875.0,0.91121
99895.8,0.729896
99916.7,0.564008
99937.5,0.416564
99958.3,0.290856
99979.2,0.187761
100000.0,0.109648
100020.8,0.0571608
100041.7,0.0322114
100062.5,0.034593
100083.3,0.0652324
100104.2,0.121648
100125.0,0.204632
100145.8,0.312605
100166.7,0.442381
100187.5,0.593815
100208.3,0.762147
100229.2,0.946682
100250.0,1.14241
100270.8,1.34631
100291.7,1.55653
100312.5,1.76763
100333.3,1.97705
100354.2,2.18092
100375.0,2.37518
100395.8,2.55788
100416.7,2.72475
100437.5,2.87297
100458.3,3.00108
100479.2,3.10589
100500.0,3.18557
100520.8,3.23951
100541.7,3.26696
100562.5,3.26616
100583.3,3.23799
100604.2,3.18324
100625.0,3.10184
100645.8,2.9963
100666.7,2.86733
100687.5,2.71827
100708.3,2.55074
100729.2,2.36787
100750.0,2.1721
100770.8,1.96826
100791.7,1.75874
100812.5,1.54765
100833.3,1.33826
100854.2,1.13361
100875.0,0.938521
100895.8,0.754928
100916.7,0.587346
100937.5,0.436636
100958.3,0.307712
100979.2,0.200645
101000.0,0.119256
101020.8,0.0627854
101041.7,0.0338347
101062.5,0.0330808
101083.3,0.0587953
101104.2,0.112056
101125.0,0.190886
101145.8,0.295732
101166.7,0.422158
101187.5,0.57037
101208.3,0.737169
101229.2,0.919298
101250.0,1.11337
101270.8,1.3165
101291.7,1.52596
101312.5,1.73691
101333.3,1.9473
101354.2,2.15198
101375.0,2.34767
101395.8,2.53209
101416.7,2.70142
101437.5,2.8529
101458.3,2.98424
101479.2,3.0921
101500.0,3.17588
101520.8,3.23391
101541.7,3.2646
101562.5,3.26773
101583.3,3.24361
101604.2,3.19278
101625.0,3.11556
101645.8,3.01318
101666.7,2.8875
101687.5,2.74101
101708.3,2.57575
101729.2,2.39446
101750.0,2.20107
101770.8,1.99804
101791.7,1.78932
101812.5,1.57833
101833.3,1.36801
101854.2,1.16256
101875.0,0.965925
101895.8,0.78074
101916.7,0.609894
101937.5,0.457624
101958.3,0.324662
101979.2,0.215136
102000.0,0.128943
102020.8,0.069312
102041.7,0.0370161
102062.5,0.0313478
102083.3,0.0531689
102104.2,0.10234
102125.0,0.177947
102145.8,0.278721
102166.7,0.402809
102187.5,0.547853
102208.3,0.712253
102229.2,0.891852
102250.0,1.08446
102270.8,1.28663
102291.7,1.49535
102312.5,1.70637
102333.3,1.91667
102354.2,2.12216
102375.0,2.32031
102395.8,2.50632
102416.7,2.67801
102437.5,2.83193
102458.3,2.96646
102479.2,3.07759
102500.0,3.16543
102520.8,3.22671
102541.7,3.26217
102562.5,3.2694
102583.3,3.24921
102604.2,3.20167
102625.0,3.12848
102645.8,3.02925
102666.7,2.90688
102687.5,2.76343
102708.3,2.60071
102729.2,2.42184
102750.0,2.23007
102770.8,2.02788
102791.7,1.81995
102812.5,1.60889
102833.3,1.39864
102854.2,1.19227
102875.0,0.994244
102895.8,0.806461
102916.7,0.634044
102937.5,0.478518
102958.3,0.342397
102979.2,0.229552
103000.0,0.140139
103020.8,0.0765055
103041.7,0.0394743
103062.5,0.0306094
103083.3,0.0483076
103104.2,0.0942377
103125.0,0.165988
103145.8,0.262612
103166.7,0.383555
103187.5,0.526122
103208.3,0.687201
103229.2,0.865224
103250.0,1.05623
103270.8,1.25688
103291.7,1.4647
103312.5,1.67578
103333.3,1.8868
103354.2,2.09315
103375.0,2.29207
103395.8,2.4807
103416.7,2.65466
103437.5,2.81103
103458.3,2.94795
103479.2,3.06305
103500.0,3.15417
103520.8,3.21946
103541.7,3.25897
103562.5,3.27018
103583.3,3.2541
103604.2,3.2105
103625.0,3.14048
103645.8,3.04459
103666.7,2.92619
103687.5,2.78517
103708.3,2.62484
103729.2,2.44841
103750.0,2.2583
103770.8,2.05772
103791.7,1.84984
103812.5,1.63957
103833.3,1.4284
103854.2,1.22133
103875.0,1.02153
103895.8,0.83301
103916.7,0.657442
103937.5,0.499505
103958.3,0.360924
103979.2,0.244209
104000.0,0.151452
104020.8,0.0838246
104041.7,0.0435068
104062.5,0.029763
104083.3,0.0442405
104104.2,0.0853742
104125.0,0.153898
104145.8,0.24736
104166.7,0.365017
104187.5,0.504367
104208.3,0.663138
104229.2,0.838666
104250.0,1.028
104270.8,1.22786
104291.7,1.43488
104312.5,1.64521
104333.3,1.85632
104354.2,2.06413
104375.0,2.2639
104395.8,2.45395
104416.7,2.63048
104437.5,2.79003
104458.3,2.92934
104479.2,3.04785
104500.0,3.14291
104520.8,3.21219
104541.7,3.25492
104562.5,3.27026
104583.3,3.25806
104604.2,3.21782
104625.0,3.15177
104645.8,3.05998
104666.7,2.94471
104687.5,2.80696
104708.3,2.64903
104729.2,2.47501
104750.0,2.28649
104770.8,2.08752
104791.7,1.88044
104812.5,1.66938
104833.3,1.45906
104854.2,1.25119
104875.0,1.04978
104895.8,0.859686
104916.7,0.682403
104937.5,0.521203
104958.3,0.379488
104979.2,0.259377
105000.0,0.163458
105020.8,0.091842
105041.7,0.0476048
105062.5,0.0306505
105083.3,0.0403084
105104.2,0.0781152
105125.0,0.142557
105145.8,0.231988
105166.7,0.346418
105187.5,0.482561
105208.3,0.638894
105229.2,0.812118
105250.0,0.999791
105270.8,1.19804
105291.7,1.40418
105312.5,1.61533
105333.3,1.82642
105354.2,2.03427
105375.0,2.23571
105395.8,2.42745
105416.7,2.60553
105437.5,2.76747
105458.3,2.91079
105479.2,3.03256
105500.0,3.13083
105520.8,3.20337
105541.7,3.25011
105562.5,3.26946
105583.3,3.26138
105604.2,3.22588
105625.0,3.1631
105645.8,3.07522
105666.7,2.96241
105687.5,2.82789
105708.3,2.67327
105729.2,2.50083
105750.0,2.31468
105770.8,2.11648
105791.7,1.9102
105812.5,1.69999
105833.3,1.48872
105854.2,1.28101
105875.0,1.07877
105895.8,0.886206
105916.7,0.706604
105937.5,0.543007
105958.3,0.398867
105979.2,0.275486
106000.0,0.175723
106020.8,0.100685
106041.7,0.0523988
106062.5,0.0313986
106083.3,0.0370373
106104.2,0.0709008
106125.0,0.131355
106145.8,0.217509
106166.7,0.328682
106187.5,0.461624
106208.3,0.614668
106229.2,0.786276
106250.0,0.971638
106270.8,1.16905
106291.7,1.3745
106312.5,1.58474
106333.3,1.79583
106354.2,2.00439
106375.0,2.20748
106395.8,2.40005
106416.7,2.58056
106437.5,2.74572
106458.3,2.89152
106479.2,3.01641
106500.0,3.11801
106520.8,3.19442
106541.7,3.24522
106562.5,3.26856
106583.3,3.26372
106604.2,3.23231
106625.0,3.17352
106645.8,3.08888
106666.7,2.98023
106687.5,2.84882
106708.3,2.69655
106729.2,2.52663
106750.0,2.34213
106770.8,2.14554
106791.7,1.94089
106812.5,1.73049
106833.3,1.51946
106854.2,1.3108
106875.0,1.10695
106895.8,0.912878
106916.7,0.731582
106937.5,0.565539
106958.3,0.418082
106979.2,0.291584
107000.0,0.188472
107020.8,0.110381
107041.7,0.0580316
107062.5,0.0322017
107083.3,0.034704
107104.2,0.0644426
107125.0,0.120865
107145.8,0.203784
107166.7,0.310973
107187.5,0.441449
107208.3,0.592163
107229.2,0.760579
107250.0,0.944229
107270.8,1.14001
107291.7,1.3447
107312.5,1.55411
107333.3,1.76525
107354.2,1.97469
107375.0,2.17849
107395.8,2.37345
107416.7,2.55557
107437.5,2.72318
107458.3,2.87138
107479.2,2.99943
107500.0,3.10501
107520.8,3.18483
107541.7,3.23959
107562.5,3.26696
107583.3,3.26616
107604.2,3.23885
107625.0,3.18387
107645.8,3.10336
107666.7,2.99711
107687.5,2.869
107708.3,2.71994
107729.2,2.55231
107750.0,2.36949
107770.8,2.17445
107791.7,1.97063
107812.5,1.76114
107833.3,1.55012
107854.2,1.34057
107875.0,1.13601
107895.8,0.940186
107916.7,0.75735
107937.5,0.588921
107958.3,0.438347
107979.2,0.308556
108000.0,0.202216
108020.8,0.12002
108041.7,0.0636224
108062.5,0.0346395
108083.3,0.0330371
108104.2,0.0587463
108125.0,0.11115
108145.8,0.190139
108166.7,0.294034
108187.5,0.421359
108208.3,0.568831
108229.2,0.734801
108250.0,0.916895
108270.8,1.11103
108291.7,1.31409
108312.5,1.52344
108333.3,1.73457
108354.2,1.94483
108375.0,2.14949
108395.8,2.34612
108416.7,2.52978
108437.5,2.6997
108458.3,2.85132
108479.2,2.9826
108500.0,3.09133
108520.8,3.1751
108541.7,3.23309
108562.5,3.2645
108583.3,3.26772
108604.2,3.24444
108625.0,3.19359
108645.8,3.11633
108666.7,3.01404
108687.5,2.88911
108708.3,2.74253
108729.2,2.57735
108750.0,2.39685
108770.8,2.20349
108791.7,2.00053
108812.5,1.79187
108833.3,1.58066
108854.2,1.37044
108875.0,1.16492
108895.8,0.968392
108916.7,0.782351
108937.5,0.612313
108958.3,0.459199
108979.2,0.326325
109000.0,0.215947
109020.8,0.129737
109041.7,0.0701325
109062.5,0.0370716
109083.3,0.0314315
109104.2,0.0531948
109125.0,0.102346
109145.8,0.177347
109166.7,0.27791
109187.5,0.401181
109208.3,0.546201
109229.2,0.709714
109250.0,0.889411
109270.8,1.08196
109291.7,1.28426
109312.5,1.49293
109333.3,1.70392
109354.2,1.91425
109375.0,2.12045
109395.8,2.31786
109416.7,2.50401
109437.5,2.6764
109458.3,2.83028
109479.2,2.9649
109500.0,3.07684
109520.8,3.16461
109541.7,3.22665
109562.5,3.26126
109583.3,3.26937
109604.2,3.24929
109625.0,3.20255
109645.8,3.12918
109666.7,3.03005
109687.5,2.90842
109708.3,2.76497
109729.2,2.60219
109750.0,2.42333
109770.8,2.23169
109791.7,2.03024
109812.5,1.82234
109833.3,1.61135
109854.2,1.40027
109875.0,1.19404
109895.8,0.995797
109916.7,0.808852
109937.5,0.635693
109958.3,0.480125
109979.2,0.343997
110000.0,0.230461
110020.8,0.140939
110041.7,0.0773411
110062.5,0.0402613
110083.3,0.0305573
110104.2,0.0484044
110125.0,0.0934007
110145.8,0.165126
110166.7,0.26183
110187.5,0.381922
110208.3,0.524498
110229.2,0.685583
110250.0,0.862826
110270.8,1.05383
110291.7,1.25522
110312.5,1.46307
110333.3,1.67336
110354.2,1.88446
110375.0,2.09068
110395.8,2.28974
110416.7,2.4783
110437.5,2.65221
110458.3,2.80933
110479.2,2.94715
110500.0,3.06234
110520.8,3.15335
110541.7,3.21939
110562.5,3.25808
110583.3,3.27021
110604.2,3.25411
110625.0,3.21053
110645.8,3.14129
110666.7,3.04617
110687.5,2.92702
110708.3,2.78677
110729.2,2.62724
110750.0,2.45079
110770.8,2.26071
110791.7,2.06012
110812.5,1.85216
110833.3,1.64118
110854.2,1.43082
110875.0,1.22378
110895.8,1.02397
110916.7,0.834705
110937.5,0.659914
110958.3,0.501092
110979.2,0.362588
111000.0,0.245715
111020.8,0.152339
111041.7,0.0846037
111062.5,0.0434822
111083.3,0.0298727
111104.2,0.0435125
111125.0,0.0854156
111145.8,0.153114
111166.7,0.246516
111187.5,0.363369
111208.3,0.502752
111229.2,0.66066
111250.0,0.836207
111270.8,1.02561
111291.7,1.22545
111312.5,1.4325
111333.3,1.64354
111354.2,1.85384
111375.0,2.06167
111395.8,2.26228
111416.7,2.45158
111437.5,2.62808
111458.3,2.78763
111479.2,2.9286
111500.0,3.04705
111520.8,3.1421
111541.7,3.21139
111562.5,3.25408
111583.3,3.2702
111604.2,3.25806
111625.0,3.21862
111645.8,3.15252
111666.7,3.06148
111687.5,2.94558
111708.3,2.80851
111729.2,2.6514
111750.0,2.47646
111770.8,2.28889
111791.7,2.08909
111812.5,1.88275
111833.3,1.67174
111854.2,1.46069
111875.0,1.25357
111895.8,1.05223
111916.7,0.861248
111937.5,0.684026
111958.3,0.52284
111979.2,0.381081
112000.0,0.261055
112020.8,0.164386
112041.7,0.0926255
112062.5,0.0475113
112083.3,0.0306611
112104.2,0.040258
112125.0,0.0773196
112145.8,0.141793
112166.7,0.231182
112187.5,0.344867
112208.3,0.480918
112229.2,0.637249
112250.0,0.809711
112270.8,0.997409
112291.7,1.19556
112312.5,1.40188
112333.3,1.61296
112354.2,1.82403
112375.0,2.03185
112395.8,2.23331
112416.7,2.42497
112437.5,2.60394
112458.3,2.76587
112479.2,2.90918
112500.0,3.03085
112520.8,3.12996
112541.7,3.20331
112562.5,3.25011
112583.3,3.26937
112604.2,3.26138
112625.0,3.2259
112645.8,3.16384
112666.7,3.07598
112687.5,2.96408
112708.3,2.82951
112729.2,2.67475
112750.0,2.50317
112770.8,2.31633
112791.7,2.11886
112812.5,1.91268
112833.3,1.70238
112854.2,1.4913
112875.0,1.2826
112895.8,1.0804
112916.7,0.887892
112937.5,0.709011
112958.3,0.545318
112979.2,0.400379
113000.0,0.277192
113020.8,0.176385
113041.7,0.101493
113062.5,0.0523339
113083.3,0.0314696
113104.2,0.0370174
113125.0,0.0701153
113145.8,0.130538
113166.7,0.216794
113187.5,0.327122
113208.3,0.46004
113229.2,0.613124
113250.0,0.783909
113270.8,0.970015
113291.7,1.16664
113312.5,1.37197
113333.3,1.58228
113354.2,1.79342
113375.0,2.00214
113395.8,2.20511
113416.7,2.39845
113437.5,2.57892
113458.3,2.74403
113479.2,2.88993
113500.0,3.01484
113520.8,3.11714
113541.7,3.19367
113562.5,3.24446
113583.3,3.26857
113604.2,3.26457
113625.0,3.23313
113645.8,3.17428
113666.7,3.09052
113687.5,2.98176
113708.3,2.8505
113729.2,2.69818
113750.0,2.52899
113770.8,2.34454
113791.7,2.14784
113812.5,1.9432
113833.3,1.73298
113854.2,1.52192
113875.0,1.31244
113895.8,1.10942
113916.7,0.915249
113937.5,0.733864
113958.3,0.567183
113979.2,0.41971
114000.0,0.293296
114020.8,0.189362
114041.7,0.110333
114062.5,0.0579911
114083.3,0.0321835
114104.2,0.0347127
114125.0,0.0636644
114145.8,0.120105
114166.7,0.203071
114187.5,0.309373
114208.3,0.439903
114229.2,0.589698
114250.0,0.758129
114270.8,0.941811
114291.7,1.13756
114312.5,1.34217
114333.3,1.55173
114354.2,1.76275
114375.0,1.97213
114395.8,2.17608
114416.7,2.37111
114437.5,2.554
114458.3,2.72074
114479.2,2.86975
114500.0,2.99868
114520.8,3.10343
114541.7,3.18475
114562.5,3.23873
114583.3,3.26613
114604.2,3.26696
114625.0,3.23876
114645.8,3.18475
114666.7,3.10423
114687.5,2.99868
114708.3,2.87061
114729.2,2.72147
114750.0,2.55401
114770.8,2.37178
114791.7,2.17691
114812.5,1.97309
114833.3,1.76364
114854.2,1.55254
114875.0,1.34312
114895.8,1.13839
114916.7,0.942562
114937.5,0.758833
114958.3,0.590532
114979.2,0.439879
115000.0,0.310119
115020.8,0.203059
115041.7,0.120888
115062.5,0.063651
115083.3,0.0346463
115104.2,0.0321716
115125.0,0.0580246
115145.8,0.11042
115166.7,0.189313
115187.5,0.292442
115208.3,0.419706
115229.2,0.567208
115250.0,0.733115
115270.8,0.914439
115291.7,1.10855
115312.5,1.31241
115333.3,1.52111
115354.2,1.73216
115375.0,1.94246
115395.8,2.14707
115416.7,2.34362
115437.5,2.52821
115458.3,2.69809
115479.2,2.84962
115500.0,2.98098
115520.8,3.08971
115541.7,3.17433
115562.5,3.23308
115583.3,3.26457
115604.2,3.26863
115625.0,3.24442
115645.8,3.1944
115666.7,3.11708
115687.5,3.01566
115708.3,2.89075
115729.2,2.74407
115750.0,2.57971
115770.8,2.39847
115791.7,2.20591
115812.5,2.00291
115833.3,1.79423
115854.2,1.58315
115875.0,1.37292
115895.8,1.16739
115916.7,0.969962
115937.5,0.784694
115958.3,0.613961
115979.2,0.46084
116000.0,0.32789
116020.8,0.21671
116041.7,0.130437
116062.5,0.0708957
116083.3,0.0370133
116104.2,0.0314846
116125.0,0.0523281
116145.8,0.101472
116166.7,0.176415
116187.5,0.276369
116208.3,0.399562
116229.2,0.544632
116250.0,0.708136
116270.8,0.887938
116291.7,1.08043
116312.5,1.28261
116333.3,1.49046
116354.2,1.70158
116375.0,1.91178
116395.8,2.1181
116416.7,2.31554
116437.5,2.50233
116458.3,2.67475
116479.2,2.82863
116500.0,2.96324
116520.8,3.076
116541.7,3.16385
116562.5,3.22593
116583.3,3.26134
116604.2,3.26937
116625.0,3.25009
116645.8,3.20326
116666.7,3.12998
116687.5,3.03175
116708.3,2.91006
116729.2,2.76673
116750.0,2.60384
116770.8,2.42581
116791.7,2.23411
116812.5,2.03269
116833.3,1.82406
116854.2,1.61296
116875.0,1.40269
116895.8,1.19644
116916.7,0.998172
116937.5,0.810486
116958.3,0.63726
116979.2,0.481871
117000.0,0.345634
117020.8,0.231268
117041.7,0.141789
117062.5,0.0773537
117083.3,0.0403059
117104.2,0.0305849
117125.0,0.0475085
117145.8,0.0926684
117166.7,0.163568
117187.5,0.260274
117208.3,0.381058
117229.2,0.522104
117250.0,0.683244
117270.8,0.860434
117291.7,1.05136
117312.5,1.25278
117333.3,1.46068
117354.2,1.67167
117375.0,1.88209
117395.8,2.089
117416.7,2.28805
117437.5,2.47659
117458.3,2.65063
117479.2,2.80771
117500.0,2.94545
117520.8,3.0607
117541.7,3.15263
117562.5,3.21862
117583.3,3.25814
117604.2,3.27015
117625.0,3.2541
117645.8,3.21144
117666.7,3.1421
117687.5,3.04698
117708.3,2.92863
117729.2,2.78845
117750.0,2.62893
117770.8,2.45243
117791.7,2.2623
117812.5,2.06248
117833.3,1.85462
117854.2,1.64346
117875.0,1.4333
117895.8,1.22622
117916.7,1.02635
117937.5,0.83711
117958.3,0.661382
117979.2,0.502752
118000.0,0.363382
118020.8,0.246589
118041.7,0.153013
118062.5,0.0853918
118083.3,0.0443276
118104.2,0.0297716
118125.0,0.0435358
118145.8,0.084571
118166.7,0.152315
118187.5,0.244927
118208.3,0.361783
118229.2,0.501144
118250.0,0.659007
118270.8,0.834677
118291.7,1.02321
118312.5,1.22301
118333.3,1.43009
118354.2,1.64116
118375.0,1.85146
118395.8,2.05925
118416.7,2.25994
118437.5,2.45004
118458.3,2.62645
118479.2,2.78599
118500.0,2.92694
118520.8,3.04538
118541.7,3.14132
118562.5,3.21061
118583.3,3.25407
118604.2,3.27011
118625.0,3.25806
118645.8,3.21946
118666.7,3.15339
118687.5,3.06235
118708.3,2.94707
118729.2,2.81014
118750.0,2.65306
118770.8,2.47905
118791.7,2.29048
118812.5,2.09149
118833.3,1.88527
118854.2,1.67414
118875.0,1.46305
118895.8,1.25525
118916.7,1.05462
118937.5,0.86362
118958.3,0.685668
118979.2,0.524549
119000.0,0.382713
119020.8,0.261831
119041.7,0.165167
119062.5,0.0934751
119083.3,0.0483201
119104.2,0.0306302
119125.0,0.0402491
119145.8,0.0765338
119166.7,0.140936
119187.5,0.230397
119208.3,0.344003
119229.2,0.479285
119250.0,0.634864
119270.8,0.808093
119291.7,0.995022
119312.5,1.19402
119333.3,1.40024
119354.2,1.61047
119375.0,1.82165
119395.8,2.02946
119416.7,2.23161
119437.5,2.4234
119458.3,2.60148
119479.2,2.76425
119500.0,2.90764
119520.8,3.03016
119541.7,3.12833
119562.5,3.2025
119583.3,3.24919
119604.2,3.26934
119625.0,3.26137
119645.8,3.22668
119666.7,3.16472
119687.5,3.07688
119708.3,2.96568
119729.2,2.83113
119750.0,2.67638
119770.8,2.50479
119791.7,2.31869
119812.5,2.12048
119833.3,1.91506
119854.2,1.70486
119875.0,1.49372
119895.8,1.28502
119916.7,1.08279
119937.5,0.890264
119958.3,0.71065
119979.2,0.547051
120000.0,0.402012
120020.8,0.278012
120041.7,0.177233
120062.5,0.102282
120083.3,0.0531496
120104.2,0.0314005
120125.0,0.0370251
120145.8,0.0700999
120166.7,0.129778
120187.5,0.215911
120208.3,0.32542
120229.2,0.45844
120250.0,0.611525
120270.8,0.78227
120291.7,0.967567
120312.5,1.16422
120333.3,1.36971
120354.2,1.57989
120375.0,1.79107
120395.8,1.99972
120416.7,2.2027
120437.5,2.39603
120458.3,2.57724
120479.2,2.74169
120500.0,2.88827
120520.8,3.01404
120541.7,3.11629
120562.5,3.19289
120583.3,3.24438
120604.2,3.2678
120625.0,3.26453
120645.8,3.23316
120666.7,3.17507
120687.5,3.09131
120708.3,2.98254
120729.2,2.85205
120750.0,2.69987
120770.8,2.5306
120791.7,2.34608
120812.5,2.15028
120833.3,1.94497
120854.2,1.73549
120875.0,1.52432
120895.8,1.3148
120916.7,1.11174
120937.5,0.917692
120958.3,0.735628
120979.2,0.569568
121000.0,0.421362
121020.8,0.294889
121041.7,0.190969
121062.5,0.111139
121083.3,0.0587915
121104.2,0.0330051
121125.0,0.0345866
121145.8,0.0636631
121166.7,0.119214
121187.5,0.201476
121208.3,0.308586
121229.2,0.438264
121250.0,0.588128
121270.8,0.7565
121291.7,0.940316
121312.5,1.13517
121333.3,1.33978
121354.2,1.54928
121375.0,1.76035
121395.8,1.96981
121416.7,2.17371
121437.5,2.36866
121458.3,2.55155
121479.2,2.71915
121500.0,2.86821
121520.8,2.99705
121541.7,3.10266
121562.5,3.184
121583.3,3.23877
121604.2,3.26618
121625.0,3.26697
121645.8,3.23953
121666.7,3.18559
121687.5,3.10496
121708.3,3.00031
121729.2,2.87215
121750.0,2.72315
121770.8,2.55638
121791.7,2.37345
121812.5,2.17936
121833.3,1.97547
121854.2,1.76602
121875.0,1.5549
121895.8,1.34469
121916.7,1.14088
121937.5,0.945064
121958.3,0.76057
121979.2,0.592135
122000.0,0.441517
122020.8,0.311779
122041.7,0.203893
122062.5,0.12163
122083.3,0.0644771
122104.2,0.0346533
122125.0,0.032286
122145.8,0.0572299
122166.7,0.109493
122187.5,0.18858
122208.3,0.291612
122229.2,0.418173
122250.0,0.565508
122270.8,0.731544
122291.7,0.912841
122312.5,1.10688
122333.3,1.30995
122354.2,1.51877
122375.0,1.72975
122395.8,1.94011
122416.7,2.14469
122437.5,2.34124
122458.3,2.52654
122479.2,2.69574
122500.0,2.84802
122520.8,2.98017
122541.7,3.08892
122562.5,3.17356
122583.3,3.23232
122604.2,3.26371
122625.0,3.2686
122645.8,3.2452
122666.7,3.1945
122687.5,3.11793
122708.3,3.01638
122729.2,2.89155
122750.0,2.74568
122770.8,2.58135
122791.7,2.40083
122812.5,2.20761
122833.3,2.00529
122854.2,1.79659
122875.0,1.58465
122895.8,1.37533
122916.7,1.16989
122937.5,0.972449
122958.3,0.786297
122979.2,0.615535
123000.0,0.462428
123020.8,0.328675
123041.7,0.218355
123062.5,0.131351
123083.3,0.0708648
123104.2,0.0371004
123125.0,0.030595
123145.8,0.0522437
123166.7,0.100653
123187.5,0.175662
123208.3,0.275544
123229.2,0.398034
123250.0,0.543039
123270.8,0.706623
123291.7,0.885384
123312.5,1.07801
123333.3,1.28028
123354.2,1.48885
123375.0,1.6999
123395.8,1.91023
123416.7,2.11569
123437.5,2.31389
123458.3,2.5008
123479.2,2.67251
123500.0,2.82704
123520.8,2.9624
123541.7,3.07444
123562.5,3.16302
123583.3,3.22506
123604.2,3.26133
123625.0,3.26945
123645.8,3.25002
123666.7,3.20407
123687.5,3.13083
123708.3,3.03254
123729.2,2.91093
123750.0,2.76826
123770.8,2.60632
123791.7,2.42745
123812.5,2.23652
123833.3,2.03507
123854.2,1.82644
123875.0,1.61531
123895.8,1.4051
123916.7,1.19882
123937.5,0.999841
123958.3,0.812888
123979.2,0.638891
124000.0,0.483375
124020.8,0.346509
124041.7,0.232859
124062.5,0.142593
124083.3,0.0781709
124104.2,0.0403102
124125.0,0.0306209
124145.8,0.0474841
124166.7,0.0919199
124187.5,0.162742
124208.3,0.259408
124229.2,0.37945
124250.0,0.520491
124270.8,0.681578
124291.7,0.85886
124312.5,1.04979
124333.3,1.25041
124354.2,1.45829
124375.0,1.66931
124395.8,1.87955
124416.7,2.08665
124437.5,2.28568
124458.3,2.47421
124479.2,2.64904
124500.0,2.80609
124520.8,2.94388
124541.7,3.0599
124562.5,3.15169
124583.3,3.21775
124604.2,3.25735
124625.0,3.27014
124645.8,3.25488
124666.7,3.21215
124687.5,3.14289
124708.3,3.04863
124729.2,2.93017
124750.0,2.78996
124770.8,2.63048
124791.7,2.45496
124812.5,2.26475
124833.3,2.06409
124854.2,1.85709
124875.0,1.64602
124895.8,1.43566
124916.7,1.22863
124937.5,1.02805
124958.3,0.838686
124979.2,0.663044
125000.0,0.504372
125020.8,0.364959
125041.7,0.247326
125062.5,0.153867
125083.3,0.0862202
125104.2,0.0443463
125125.0,0.0297903
125145.8,0.0435561
125166.7,0.0836816
125187.5,0.151467
125208.3,0.244143
125229.2,0.360206
125250.0,0.498764
125270.8,0.65735
125291.7,0.832245
125312.5,1.02159
125333.3,1.22053
125354.2,1.42758
125375.0,1.63869
125395.8,1.84978
125416.7,2.05688
125437.5,2.25748
125458.3,2.44754
125479.2,2.62482
125500.0,2.7843
125520.8,2.92542
125541.7,3.04458
125562.5,3.13966
125583.3,3.20977
125604.2,3.25325
125625.0,3.27024
125645.8,3.25893
125666.7,3.22027
125687.5,3.15497
125708.3,3.06396
125729.2,2.9487
125750.0,2.81179
125770.8,2.65467
125791.7,2.48068
125812.5,2.29289
125833.3,2.09393
125854.2,1.88757
125875.0,1.67653
125895.8,1.4655
125916.7,1.2576
125937.5,1.05622
125958.3,0.865358
125979.2,0.688003
126000.0,0.526136
126020.8,0.384269
126041.7,0.263449
126062.5,0.165984
126083.3,0.0942495
126104.2,0.0483167
126125.0,0.0306517
126145.8,0.0395295
126166.7,0.0764849
126187.5,0.140163
126208.3,0.228824
126229.2,0.342466
126250.0,0.477843
126270.8,0.633244
126291.7,0.806514
126312.5,0.993436
126333.3,1.19155
126354.2,1.39783
126375.0,1.60808
126395.8,1.81922
126416.7,2.02704
126437.5,2.22929
126458.3,2.42099
126479.2,2.59983
126500.0,2.76263
126520.8,2.90683
126541.7,3.02856
126562.5,3.12761
126583.3,3.20177
126604.2,3.24928
126625.0,3.26942
126645.8,3.26205
126666.7,3.22746
126687.5,3.16542
126708.3,3.07844
126729.2,2.96646
126750.0,2.83275
126770.8,2.67884
126791.7,2.50713
126812.5,2.32038
126833.3,2.12292
126854.2,1.91749
126875.0,1.70719
126895.8,1.49616
126916.7,1.28748
126937.5,1.08518
126958.3,0.892664
126979.2,0.712235
127000.0,0.548686
127020.8,0.403689
127041.7,0.279556
127062.5,0.178871
127083.3,0.103123
127104.2,0.0531827
127125.0,0.0314052
127145.8,0.0362981
127166.7,0.0692485
127187.5,0.128915
127208.3,0.214268
127229.2,0.324708
127250.0,0.456819
127270.8,0.609993
127291.7,0.779863
127312.5,0.965272
127333.3,1.16256
127354.2,1.36725
127375.0,1.57752
127395.8,1.78853
127416.7,1.99725
127437.5,2.20031
127458.3,2.39439
127479.2,2.57496
127500.0,2.74001
127520.8,2.88671
127541.7,3.01235
127562.5,3.11467
127583.3,3.19288
127604.2,3.24364
127625.0,3.2678
127645.8,3.26454
127666.7,3.23396
127687.5,3.17592
127708.3,3.09218
127729.2,2.98411
127750.0,2.85367
127770.8,2.70225
127791.7,2.53299
127812.5,2.34849
127833.3,2.15189
127854.2,1.94729
127875.0,1.7378
127895.8,1.52677
127916.7,1.31721
127937.5,1.11425
127958.3,0.919237
127979.2,0.737123
128000.0,0.571172
128020.8,0.4229
128041.7,0.295583
128062.5,0.191717
128083.3,0.112071
128104.2,0.0587805
128125.0,0.0330423
128145.8,0.033819
128166.7,0.0627912
128187.5,0.118444
128208.3,0.200544
128229.2,0.307
128250.0,0.43663
128270.8,0.586591
128291.7,0.754942
128312.5,0.937803
128333.3,1.13356
128354.2,1.33739
128375.0,1.54687
128395.8,1.75797
128416.7,1.96745
128437.5,2.17208
128458.3,2.36703
128479.2,2.54994
128500.0,2.71748
128520.8,2.8674
128541.7,2.99543
128562.5,3.10184
128583.3,3.18316
128604.2,3.23799
128625.0,3.26617
128645.8,3.26698
128666.7,3.24042
128687.5,3.18639
128708.3,3.10581
128729.2,3.0011
128750.0,2.87385
128770.8,2.72484
128791.7,2.55797
128812.5,2.37582
128833.3,2.1809
128854.2,1.97714
128875.0,1.76846
128895.8,1.55741
128916.7,1.34711
128937.5,1.14251
128958.3,0.946702
128979.2,0.762992
129000.0,0.593858
129020.8,0.443135
129041.7,0.31261
129062.5,0.205493
129083.3,0.122413
129104.2,0.0652386
129125.0,0.0346234
129145.8,0.0322432
129166.7,0.057214
129187.5,0.108705
129208.3,0.186967
129229.2,0.290066
129250.0,0.41643
129270.8,0.563987
129291.7,0.729087
129312.5,0.910351
129333.3,1.10453
129354.2,1.30767
129375.0,1.51623
129395.8,1.72818
129416.7,1.93763
129437.5,2.14317
129458.3,2.33966
129479.2,2.52412
129500.0,2.69418
129520.8,2.84648
129541.7,2.97855
129562.5,3.08815
129583.3,3.17267
129604.2,3.23147
129625.0,3.26379
129645.8,3.26858
129666.7,3.24524
129687.5,3.19524
129708.3,3.1195
129729.2,3.018
129750.0,2.89312
129770.8,2.7473
129791.7,2.58294
129812.5,2.40327
129833.3,2.20996
129854.2,2.00768
129875.0,1.79894
129895.8,1.58716
129916.7,1.37774
129937.5,1.17147
129958.3,0.974884
129979.2,0.788726
130000.0,0.617096
130020.8,0.464
130041.7,0.330321
130062.5,0.219134
130083.3,0.132167
130104.2,0.0717631
130125.0,0.0378147
130145.8,0.0306011
130166.7,0.0515321
130187.5,0.0999173
130208.3,0.174042
130229.2,0.273919
130250.0,0.397221
130270.8,0.541377
130291.7,0.704209
130312.5,0.883851
130333.3,1.07561
130354.2,1.27783
130375.0,1.48645
130395.8,1.69744
130416.7,1.9079
130437.5,2.1132
130458.3,2.31143
130479.2,2.49843
130500.0,2.67078
130520.8,2.82547
130541.7,2.96086
130562.5,3.07353
130583.3,3.16226
130604.2,3.225
130625.0,3.26051
130645.8,3.26944
130666.7,3.25087
130687.5,3.20414
130708.3,3.13157
130729.2,3.03414
130750.0,2.91245
130770.8,2.76985
130791.7,2.60798
130812.5,2.42988
130833.3,2.23815
130854.2,2.0367
130875.0,1.8289
130895.8,1.61771
130916.7,1.40744
130937.5,1.20124
130958.3,1.00218
130979.2,0.814534
131000.0,0.641326
131020.8,0.485001
131041.7,0.348059
131062.5,0.233645
131083.3,0.143504
131104.2,0.0789789
131125.0,0.0410247
131145.8,0.0298392
131166.7,0.0474729
131187.5,0.0910933
131208.3,0.162003
131229.2,0.257749
131250.0,0.377852
131270.8,0.518822
131291.7,0.679961
131312.5,0.856389
131333.3,1.04739
131354.2,1.24798
131375.0,1.4558
131395.8,1.66682
131416.7,1.87719
131437.5,2.08422
131458.3,2.28333
131479.2,2.47258
131500.0,2.64663
131520.8,2.80449
131541.7,2.94219
131562.5,3.0591
131583.3,3.15088
131604.2,3.21787
131625.0,3.25732
131645.8,3.27026
131666.7,3.25486
131687.5,3.21298
131708.3,3.14377
131729.2,3.04946
131750.0,2.93182
131770.8,2.79163
131791.7,2.63208
131812.5,2.45643
131833.3,2.26714
131854.2,2.0665
131875.0,1.85942
131895.8,1.64836
131916.7,1.43728
131937.5,1.23019
131958.3,1.03044
131979.2,0.841144
132000.0,0.665439
132020.8,0.505967
132041.7,0.366556
132062.5,0.248917
132083.3,0.15469
132104.2,0.0861402
132125.0,0.0443248
132145.8,0.0297874
132166.7,0.0426787
132187.5,0.0829837
132208.3,0.149919
132229.2,0.242495
132250.0,0.359347
132270.8,0.49707
132291.7,0.655765
132312.5,0.830628
132333.3,1.01919
132354.2,1.21898
132375.0,1.42521
132395.8,1.63636
132416.7,1.84739
132437.5,2.05451
132458.3,2.25502
132479.2,2.44599
132500.0,2.62242
132520.8,2.78276
132541.7,2.92377
132562.5,3.04381
132583.3,3.13884
132604.2,3.20971
132625.0,3.25324
132645.8,3.27017
132666.7,3.2589
132687.5,3.22025
132708.3,3.15577
132729.2,3.06478
132750.0,2.95032
132770.8,2.81331
132791.7,2.65633
132812.5,2.48309
132833.3,2.29532
132854.2,2.09637
132875.0,1.88917
132895.8,1.67898
132916.7,1.46785
132937.5,1.26006
132958.3,1.05863
132979.2,0.867695
133000.0,0.689644
133020.8,0.527687
133041.7,0.385096
133062.5,0.264217
133083.3,0.166774
133104.2,0.0950675
133125.0,0.0490962
133145.8,0.0306849
133166.7,0.0394238
133187.5,0.0757081
133208.3,0.138519
133229.2,0.227909
133250.0,0.340783
133270.8,0.476193
133291.7,0.631685
133312.5,0.804036
133333.3,0.991015
133354.2,1.18917
133375.0,1.3954
133395.8,1.60563
133416.7,1.81682
133437.5,2.0255
133458.3,2.22688
133479.2,2.41939
133500.0,2.59829
133520.8,2.76102
133541.7,2.90521
133562.5,3.02768
133583.3,3.12676
133604.2,3.20094
133625.0,3.2484
133645.8,3.2693
133666.7,3.26215
133687.5,3.22749
133708.3,3.16629
133729.2,3.07923
133750.0,2.96808
133770.8,2.83437
133791.7,2.68042
133812.5,2.50879
133833.3,2.3227
133854.2,2.12539
133875.0,1.91986
133895.8,1.70962
133916.7,1.49853
133937.5,1.28989
133958.3,1.08765
133979.2,0.894314
134000.0,0.714587
134020.8,0.550337
134041.7,0.404602
134062.5,0.280381
134083.3,0.179655
134104.2,0.103872
134125.0,0.0540235
134145.8,0.0313819
134166.7,0.0362939
134187.5,0.0685465
134208.3,0.128146
134229.2,0.213568
134250.0,0.323021
134270.8,0.455133
134291.7,0.608334
134312.5,0.778278
134333.3,0.963589
134354.2,1.16012
134375.0,1.36557
134395.8,1.57503
134416.7,1.78609
134437.5,1.99566
134458.3,2.1987
134479.2,2.39204
134500.0,2.57333
134520.8,2.73844
134541.7,2.885
134562.5,3.01154
134583.3,3.11394
134604.2,3.19208
134625.0,3.24358
134645.8,3.26777
134666.7,3.26459
134687.5,3.23474
134708.3,3.1767
134729.2,3.09372
134750.0,2.9858
134770.8,2.85525
134791.7,2.70383
134812.5,2.53461
134833.3,2.35014
134854.2,2.15432
134875.0,1.94971
134895.8,1.74025
134916.7,1.52917
134937.5,1.31971
134958.3,1.11593
134979.2,0.9217
135000.0,0.739593
135020.8,0.572838
135041.7,0.424516
135062.5,0.297275
135083.3,0.192526
135104.2,0.112834
135125.0,0.0596272
135145.8,0.0330887
135166.7,0.0338521
135187.5,0.0628174
135208.3,0.118441
135229.2,0.199774
135250.0,0.306168
135270.8,0.435081
135291.7,0.584904
135312.5,0.752468
135333.3,0.935335
135354.2,1.13117
135375.0,1.33494
135395.8,1.54451
135416.7,1.75639
135437.5,1.96583
135458.3,2.16968
135479.2,2.36468
135500.0,2.54753
135520.8,2.71589
135541.7,2.86573
135562.5,2.99466
135583.3,3.10101
135604.2,3.18238
135625.0,3.23799
135645.8,3.26609
135666.7,3.26692
135687.5,3.24033
135708.3,3.18721
135729.2,3.10742
135750.0,3.00269
135770.8,2.87547
135791.7,2.72645
135812.5,2.5604
135833.3,2.37749
135854.2,2.18331
135875.0,1.97952
135895.8,1.77078
135916.7,1.55897
135937.5,1.34945
135958.3,1.14491
135979.2,0.949047
136000.0,0.764567
136020.8,0.596151
136041.7,0.444763
136062.5,0.314153
136083.3,0.206251
136104.2,0.122446
136125.0,0.0652566
136145.8,0.0354456
136166.7,0.0322238
136187.5,0.0564124
136208.3,0.108769
136229.2,0.18611
136250.0,0.289208
136270.8,0.414875
136291.7,0.56151
136312.5,0.727481
136333.3,0.908713
136354.2,1.10214
136375.0,1.30516
136395.8,1.51383
136416.7,1.72575
136437.5,1.93523
136458.3,2.14062
136479.2,2.33721
136500.0,2.52251
136520.8,2.69257
136541.7,2.84479
136562.5,2.97688
136583.3,3.08647
136604.2,3.17194
136625.0,3.23154
136645.8,3.26375
136666.7,3.26859
136687.5,3.24597
136708.3,3.19604
136729.2,3.1204
136750.0,3.01879
136770.8,2.89475
136791.7,2.74976
136812.5,2.58534
136833.3,2.40492
136854.2,2.21226
136875.0,2.00931
136895.8,1.80062
136916.7,1.58953
136937.5,1.37926
136958.3,1.17383
136979.2,0.976361
137000.0,0.790385
137020.8,0.619516
137041.7,0.465735
137062.5,0.331943
137083.3,0.219954
137104.2,0.132981
137125.0,0.0724952
137145.8,0.0379004
137166.7,0.0305613
137187.5,0.0515913
137208.3,0.0990573
137229.2,0.173233
137250.0,0.273154
137270.8,0.3956
137291.7,0.539767
137312.5,0.702571
137333.3,0.881358
137354.2,1.07396
137375.0,1.27536
137395.8,1.48407
137416.7,1.69516
137437.5,1.90539
137458.3,2.11161
137479.2,2.3098
137500.0,2.49673
137520.8,2.66915
137541.7,2.82384
137562.5,2.9592
137583.3,3.07277
137604.2,3.16138
137625.0,3.22418
137645.8,3.2605
137666.7,3.26944
137687.5,3.2508
137708.3,3.20492
137729.2,3.13239
137750.0,3.03487
137770.8,2.91408
137791.7,2.77147
137812.5,2.60956
137833.3,2.43236
137854.2,2.2405
137875.0,2.03927
137895.8,1.8313
137916.7,1.62021
137937.5,1.40994
137958.3,1.20367
137979.2,1.00471
138000.0,0.816905
138020.8,0.642858
138041.7,0.486574
138062.5,0.349655
138083.3,0.235258
138104.2,0.144193
138125.0,0.079008
138145.8,0.0411195
138166.7,0.0298354
138187.5,0.0467546
138208.3,0.0910539
138229.2,0.161207
138250.0,0.256963
138270.8,0.376302
138291.7,0.517279
138312.5,0.67749
138333.3,0.854797
138354.2,1.04495
138375.0,1.24561
138395.8,1.45342
138416.7,1.6645
138437.5,1.87476
138458.3,2.08183
138479.2,2.28169
138500.0,2.47015
138520.8,2.64496
138541.7,2.80289
138562.5,2.94147
138583.3,3.05743
138604.2,3.15012
138625.0,3.21702
138645.8,3.25731
138666.7,3.27019
138687.5,3.25572
138708.3,3.21295
138729.2,3.14452
138750.0,3.05105
138770.8,2.93333
138791.7,2.79327
138812.5,2.63453
138833.3,2.45889
138854.2,2.26878
138875.0,2.06889
138895.8,1.86182
138916.7,1.65074
138937.5,1.43969
138958.3,1.23271
138979.2,1.03289
139000.0,0.842722
139020.8,0.667065
139041.7,0.507595
139062.5,0.368121
139083.3,0.249799
139104.2,0.15547
139125.0,0.0870294
139145.8,0.0451111
139166.7,0.0297618
139187.5,0.042723
139208.3,0.0830692
139229.2,0.149053
139250.0,0.241692
139270.8,0.357681
139291.7,0.495477
139312.5,0.653432
139333.3,0.828152
139354.2,1.01676
139375.0,1.2165
139395.8,1.42363
139416.7,1.63393
139437.5,1.84496
139458.3,2.05277
139479.2,2.25343
139500.0,2.44361
139520.8,2.6208
139541.7,2.78113
139562.5,2.92293
139583.3,3.04223
139604.2,3.13807
139625.0,3.20897
139645.8,3.25322
139666.7,3.27025
139687.5,3.25895
139708.3,3.22099
139729.2,3.15652
139750.0,3.06555
139770.8,2.95113
139791.7,2.81502
139812.5,2.65869
139833.3,2.48473
139854.2,2.297
139875.0,2.09795
139895.8,1.89169
139916.7,1.68147
139937.5,1.47034
139958.3,1.26248
139979.2,1.06108
140000.0,0.869332
140020.8,0.691317
140041.7,0.529253
140062.5,0.386691
140083.3,0.265835
140104.2,0.167655
140125.0,0.0950926
140145.8,0.049147
140166.7,0.0306561
140187.5,0.0393842
140208.3,0.0749152
140229.2,0.137752
140250.0,0.226317
140270.8,0.339178
140291.7,0.474496
140312.5,0.629997
140333.3,0.802473
140354.2,0.989397
140375.0,1.18675
140395.8,1.39301
140416.7,1.60324
140437.5,1.81439
140458.3,2.02304
140479.2,2.22441
140500.0,2.41694
140520.8,2.59588
140541.7,2.75938
140562.5,2.90361
140583.3,3.02611
140604.2,3.12597
140625.0,3.20017
140645.8,3.24843
140666.7,3.26927
140687.5,3.26217
140708.3,3.22829
140729.2,3.167
140750.0,3.08086
140770.8,2.96967
140791.7,2.83592
140812.5,2.68213
140833.3,2.51119
140854.2,2.32512
140875.0,2.12771
140895.8,1.92226
140916.7,1.71204
140937.5,1.50098
140958.3,1.29232
140979.2,1.08926
141000.0,0.896633
141020.8,0.716237
141041.7,0.551885
141062.5,0.405999
141083.3,0.28198
141104.2,0.180529
141125.0,0.103974
141145.8,0.0539708
141166.7,0.0314075
141187.5,0.0362512
141208.3,0.0684655
141229.2,0.127327
141250.0,0.212638
141270.8,0.321453
141291.7,0.453594
141312.5,0.60582
141333.3,0.775897
141354.2,0.961174
141375.0,1.15778
141395.8,1.3632
141416.7,1.57262
141437.5,1.78371
141458.3,1.99326
141479.2,2.19622
141500.0,2.38965
141520.8,2.5709
141541.7,2.73683
141562.5,2.88428
141583.3,3.00999
141604.2,3.11309
141625.0,3.19122
141645.8,3.24284
141666.7,3.26779
141687.5,3.26539
141708.3,3.23473
141729.2,3.17755
141750.0,3.09453
141770.8,2.98656
141791.7,2.85605
141812.5,2.70537
141833.3,2.53625
141854.2,2.35255
141875.0,2.15682
141895.8,1.95215
141916.7,1.74261
141937.5,1.53077
141958.3,1.32212
141979.2,1.11816
142000.0,0.923276
142020.8,0.741206
142041.7,0.574425
142062.5,0.426256
142083.3,0.298081
142104.2,0.1934
142125.0,0.113561
142145.8,0.0596258
142166.7,0.0330264
142187.5,0.0338893
142208.3,0.0620158
142229.2,0.117573
142250.0,0.198268
142270.8,0.304474
142291.7,0.43346
142312.5,0.583276
142333.3,0.750878
142354.2,0.933786
142375.0,1.12865
142395.8,1.3326
142416.7,1.54204
142437.5,1.75397
142458.3,1.96339
142479.2,2.16729
142500.0,2.36303
142520.8,2.54587
142541.7,2.7143
142562.5,2.86415
142583.3,2.99304
142604.2,3.09935
142625.0,3.18152
142645.8,3.23713
142666.7,3.26613
142687.5,3.26694
142708.3,3.24115
142729.2,3.18718
142750.0,3.10822
142770.8,3.00357
142791.7,2.87618
142812.5,2.72878
142833.3,2.56196
142854.2,2.37998
142875.0,2.18576
142895.8,1.98197
142916.7,1.77322
142937.5,1.56136
142958.3,1.35185
142979.2,1.14732
143000.0,0.950772
143020.8,0.766985
143041.7,0.597828
143062.5,0.446335
143083.3,0.315077
143104.2,0.207042
143125.0,0.12328
143145.8,0.0660294
143166.7,0.0354381
143187.5,0.0322204
143208.3,0.0564336
143229.2,0.107973
143250.0,0.185282
143270.8,0.287642
143291.7,0.413319
143312.5,0.559904
143333.3,0.725082
143354.2,0.906399
143375.0,1.09972
143395.8,1.30273
143416.7,1.51228
143437.5,1.72331
143458.3,1.93279
143479.2,2.1383
143500.0,2.33479
143520.8,2.52013
143541.7,2.69087
143562.5,2.84322
143583.3,2.97608
143604.2,3.08563
143625.0,3.1711
143645.8,3.23072
143666.7,3.26382
143687.5,3.26859
143708.3,3.24601
143729.2,3.19686
143750.0,3.12112
143770.8,3.02046
143791.7,2.89634
143812.5,2.75132
143833.3,2.58697
143854.2,2.40736
143875.0,2.21395
143895.8,2.01175
143916.7,1.803
143937.5,1.592
143958.3,1.38174
143979.2,1.17623
144000.0,0.978817
144020.8,0.792828
144041.7,0.621192
144062.5,0.467224
144083.3,0.33273
144104.2,0.221563
144125.0,0.133785
144145.8,0.0725538
144166.7,0.0379007
144187.5,0.0306735
144208.3,0.0507461
144229.2,0.0982954
144250.0,0.172393
144270.8,0.271539
144291.7,0.394063
144312.5,0.538195
144333.3,0.700908
144354.2,0.87972
144375.0,1.07158
144395.8,1.27299
144416.7,1.48167
144437.5,1.69263
144458.3,1.903
144479.2,2.10916
144500.0,2.30733
144520.8,2.49432
144541.7,2.66753
144562.5,2.82222
144583.3,2.95839
144604.2,3.07119
144625.0,3.16068
144645.8,3.22343
144666.7,3.26047
144687.5,3.26933
144708.3,3.25165
144729.2,3.20566
144750.0,3.13406
144770.8,3.0365
144791.7,2.91567
144812.5,2.77305
144833.3,2.61196
144854.2,2.43387
144875.0,2.24295
144895.8,2.04158
144916.7,1.83373
144937.5,1.62266
144958.3,1.4123
144979.2,1.20528
145000.0,1.00622
145020.8,0.818568
145041.7,0.644529
145062.5,0.488218
145083.3,0.351306
145104.2,0.236106
145125.0,0.14496
145145.8,0.0797723
145166.7,0.0410709
145187.5,0.0298265
145208.3,0.0467105
145229.2,0.0902407
145250.0,0.160392
145270.8,0.255428
145291.7,0.374578
145312.5,0.515691
145333.3,0.675875
145354.2,0.85235
145375.0,1.04331
145395.8,1.24394
145416.7,1.45102
145437.5,1.66209
145458.3,1.87317
145479.2,2.07942
145500.0,2.27921
145520.8,2.46857
145541.7,2.64335
145562.5,2.80136
145583.3,2.93982
145604.2,3.05666
145625.0,3.14941
145645.8,3.21622
145666.7,3.25645
145687.5,3.27022
145708.3,3.25572
145729.2,3.2138
145750.0,3.14531
145770.8,3.05192
145791.7,2.93419
145812.5,2.79486
145833.3,2.63613
145854.2,2.46042
145875.0,2.27117
145895.8,2.07132
145916.7,1.86433
145937.5,1.65325
145958.3,1.44221
145979.2,1.23505
146000.0,1.03453
146020.8,0.845067
146041.7,0.668651
146062.5,0.509245
146083.3,0.369783
146104.2,0.251381
146125.0,0.15708
146145.8,0.0877449
146166.7,0.0451547
146187.5,0.0297856
146208.3,0.0427402
146229.2,0.0821736
146250.0,0.148276
146270.8,0.240187
146291.7,0.356115
146312.5,0.493888
146333.3,0.651726
146354.2,0.826638
146375.0,1.01508
146395.8,1.2141
146416.7,1.42117
146437.5,1.63147
146458.3,1.8425
146479.2,2.05044
146500.0,2.25097
146520.8,2.44203
146541.7,2.61922
146562.5,2.77954
146583.3,2.92134
146604.2,3.04137
146625.0,3.13726
146645.8,3.2081
146666.7,3.25248
146687.5,3.27024
146708.3,3.25961
146729.2,3.22177
146750.0,3.15747
146770.8,3.06718
146791.7,2.95272
146812.5,2.81656
146833.3,2.66027
146854.2,2.48704
146875.0,2.29939
146895.8,2.10034
146916.7,1.89407
146937.5,1.68378
146958.3,1.47275
146979.2,1.26491
147000.0,1.06355
147020.8,0.871649
147041.7,0.693682
147062.5,0.530869
147083.3,0.388381
147104.2,0.266596
147125.0,0.169197
147145.8,0.0959051
147166.7,0.0499356
147187.5,0.030582
147208.3,0.0386851
147229.2,0.0749759
147250.0,0.136993
147270.8,0.225604
147291.7,0.338461
147312.5,0.472934
147333.3,0.627623
147354.2,0.79999
147375.0,0.986931
147395.8,1.18516
147416.7,1.39054
147437.5,1.60084
147458.3,1.81195
147479.2,2.02059
147500.0,2.22275
147520.8,2.41458
147541.7,2.59427
147562.5,2.75778
147583.3,2.90202
147604.2,3.02521
147625.0,3.12521
147645.8,3.19927
147666.7,3.24763
147687.5,3.26935
147708.3,3.263
147729.2,3.22911
147750.0,3.16796
147770.8,3.08165
147791.7,2.9705
147812.5,2.83757
147833.3,2.6836
147854.2,2.51285
147875.0,2.32674
147895.8,2.13024
147916.7,1.92474
147937.5,1.71442
147958.3,1.50338
147979.2,1.29463
148000.0,1.09168
148020.8,0.898319
148041.7,0.717903
148062.5,0.553489
148083.3,0.407597
148104.2,0.282813
148125.0,0.181364
148145.8,0.10471
148166.7,0.0547888
148187.5,0.0313903
148208.3,0.0362597
148229.2,0.067613
148250.0,0.126538
148270.8,0.211178
148291.7,0.320615
148312.5,0.451991
148333.3,0.604226
148354.2,0.774247
148375.0,0.958785
148395.8,1.15535
148416.7,1.36083
148437.5,1.57026
148458.3,1.78214
148479.2,1.99091
148500.0,2.19387
148520.8,2.38801
148541.7,2.56925
148562.5,2.73525
148583.3,2.88272
148604.2,3.00919
148625.0,3.11228
148645.8,3.19043
148666.7,3.2428
148687.5,3.26774
148708.3,3.26532
148729.2,3.23549
148750.0,3.17832
148770.8,3.09542
148791.7,2.98821
148812.5,2.85765
148833.3,2.707
148854.2,2.53857
148875.0,2.35496
148895.8,2.15922
148916.7,1.9545
148937.5,1.74503
148958.3,1.53317
148979.2,1.32453
149000.0,1.12069
149020.8,0.925707
149041.7,0.743653
149062.5,0.57604
149083.3,0.427817
149104.2,0.299767
149125.0,0.194953
149145.8,0.11439
149166.7,0.0604646
149187.5,0.0330191
149208.3,0.0338384
149229.2,0.061169
149250.0,0.116796
149270.8,0.197388
149291.7,0.302943
149312.5,0.431865
149333.3,0.580918
149354.2,0.748481
149375.0,0.931354
149395.8,1.12634
149416.7,1.33098
149437.5,1.53968
149458.3,1.75151
149479.2,1.96099
149500.0,2.16488
149520.8,2.36063
149541.7,2.54424
149562.5,2.71186
149583.3,2.86252
149604.2,2.99224
149625.0,3.09854
149645.8,3.1807
149666.7,3.23639
149687.5,3.26536
149708.3,3.26698
149729.2,3.24116
149750.0,3.18805
149770.8,3.10903
149791.7,3.00521
149812.5,2.87783
149833.3,2.73047
149854.2,2.56364
149875.0,2.38236
149895.8,2.18743
149916.7,1.98435
149937.5,1.77489
149958.3,1.56383
149979.2,1.35426
150000.0,1.14969
150020.8,0.95309
150041.7,0.768637
150062.5,0.599395
150083.3,0.447981
150104.2,0.316604
150125.0,0.208631
150145.8,0.124057
150166.7,0.0661294
150187.5,0.0354001
150208.3,0.0321939
150229.2,0.0556124
150250.0,0.1071
150270.8,0.184528
150291.7,0.286794
150312.5,0.411673
150333.3,0.558262
150354.2,0.72347
150375.0,0.903997
150395.8,1.09811
150416.7,1.30116
150437.5,1.50983
150458.3,1.72093
150479.2,1.93115
150500.0,2.13584
150520.8,2.33326
150541.7,2.51851
150562.5,2.68927
150583.3,2.84158
150604.2,2.97446
150625.0,3.08491
150645.8,3.17023
150666.7,3.22989
150687.5,3.26297
150708.3,3.26853
150729.2,3.24682
150750.0,3.19772
150770.8,3.1219
150791.7,3.02203
150812.5,2.89797
150833.3,2.7529
150854.2,2.58861
150875.0,2.40897
150895.8,2.21641
150916.7,2.01413
150937.5,1.80554
150958.3,1.59444
150979.2,1.38412
151000.0,1.17871
151020.8,0.980479
151041.7,0.794391
151062.5,0.622821
151083.3,0.468104
151104.2,0.334398
151125.0,0.222348
151145.8,0.135348
151166.7,0.0732806
151187.5,0.0378713
151208.3,0.0306308
151229.2,0.0506613
151250.0,0.0982371
151270.8,0.171615
151291.7,0.269887
151312.5,0.39229
151333.3,0.535751
151354.2,0.698569
151375.0,0.87738
151395.8,1.06906
151416.7,1.27133
151437.5,1.47912
151458.3,1.69027
151479.2,1.90054
151500.0,2.10684
151520.8,2.30498
151541.7,2.49269
151562.5,2.66514
151583.3,2.82071
151604.2,2.95676
151625.0,3.07041
151645.8,3.15978
151666.7,3.22342
151687.5,3.26053
151708.3,3.26937
151729.2,3.25169
151750.0,3.20657
151770.8,3.13486
151791.7,3.03735
151812.5,2.91734
151833.3,2.77471
151854.2,2.6136
151875.0,2.43626
151895.8,2.24458
151916.7,2.04398
151937.5,1.83613
151958.3,1.62502
151979.2,1.41477
152000.0,1.20767
152020.8,1.00865
152041.7,0.820978
152062.5,0.646938
152083.3,0.489846
152104.2,0.352006
152125.0,0.23681
152145.8,0.14588
152166.7,0.0805945
152187.5,0.0419097
152208.3,0.0298685
152229.2,0.0459243
152250.0,0.0894745
152270.8,0.159505
152291.7,0.254676
152312.5,0.373736
152333.3,0.514012
152354.2,0.674247
152375.0,0.85079
152395.8,1.04095
152416.7,1.24155
152437.5,1.44859
152458.3,1.65967
152479.2,1.87074
152500.0,2.07779
152520.8,2.27681
152541.7,2.46615
152562.5,2.64183
152583.3,2.7997
152604.2,2.93828
152625.0,3.05509
152645.8,3.14851
152666.7,3.21537
152687.5,3.25654
152708.3,3.27015
152729.2,3.2557
152750.0,3.21463
152770.8,3.1469
152791.7,3.05354
152812.5,2.93586
152833.3,2.79646
152854.2,2.63773
152875.0,2.46297
152895.8,2.27353
152916.7,2.0738
152937.5,1.86591
152958.3,1.6557
152979.2,1.44456
153000.0,1.23748
153020.8,1.03694
153041.7,0.846738
153062.5,0.671171
153083.3,0.510822
153104.2,0.370619
153125.0,0.252212
153145.8,0.157896
153166.7,0.0886497
153187.5,0.045904
153208.3,0.0298218
153229.2,0.0418448
153250.0,0.0814225
153270.8,0.147359
153291.7,0.239236
153312.5,0.354508
153333.3,0.492267
153354.2,0.650205
153375.0,0.824134
153395.8,1.0127
153416.7,1.21173
153437.5,1.41876
153458.3,1.62905
153479.2,1.84015
153500.0,2.048
153520.8,2.24857
153541.7,2.43948
153562.5,2.61677
153583.3,2.77789
153604.2,2.91966
153625.0,3.03979
153645.8,3.13649
153666.7,3.20734
153687.5,3.25252
153708.3,3.26944
153729.2,3.25974
153750.0,3.22178
153770.8,3.15819
153791.7,3.06803
153812.5,2.95435
153833.3,2.81825
153854.2,2.66194
153875.0,2.48867
153895.8,2.30096
153916.7,2.10279
153937.5,1.89648
153958.3,1.68626
153979.2,1.47517
154000.0,1.26648
154020.8,1.06507
154041.7,0.873287
154062.5,0.695218
154083.3,0.533306
154104.2,0.390033
154125.0,0.268285
154145.8,0.169996
154166.7,0.0966616
154187.5,0.0499658
154208.3,0.0306716
154229.2,0.0386508
154250.0,0.0741061
154270.8,0.136179
154291.7,0.224792
154312.5,0.336792
154333.3,0.471228
154354.2,0.625971
154375.0,0.798492
154395.8,0.984493
154416.7,1.18274
154437.5,1.38821
154458.3,1.59847
154479.2,1.80955
154500.0,2.01816
154520.8,2.22032
154541.7,2.41296
154562.5,2.59265
154583.3,2.75618
154604.2,2.9004
154625.0,3.02363
154645.8,3.12353
154666.7,3.19848
154687.5,3.24765
154708.3,3.26869
154729.2,3.26294
154750.0,3.22909
154770.8,3.16868
154791.7,3.0825
154812.5,2.97211
154833.3,2.83916
154854.2,2.68606
154875.0,2.51447
154895.8,2.32921
154916.7,2.13183
154937.5,1.9263
154958.3,1.71691
154979.2,1.50494
155000.0,1.2964
155020.8,1.09411
155041.7,0.900772
155062.5,0.720263
155083.3,0.55511
155104.2,0.409339
155125.0,0.284317
155145.8,0.182066
155166.7,0.105597
155187.5,0.0547681
155208.3,0.0314261
155229.2,0.0354134
155250.0,0.0677321
155270.8,0.12561
155291.7,0.210181
155312.5,0.31905
155333.3,0.450382
155354.2,0.602612
155375.0,0.772556
155395.8,0.957138
155416.7,1.15371
155437.5,1.35835
155458.3,1.56779
155479.2,1.77968
155500.0,1.98842
155520.8,2.19144
155541.7,2.38557
155562.5,2.56766
155583.3,2.73365
155604.2,2.88112
155625.0,3.00746
155645.8,3.11071
155666.7,3.18962
155687.5,3.24195
155708.3,3.26776
155729.2,3.26537
155750.0,3.23553
155770.8,3.17915
155791.7,3.09697
155812.5,2.98978
155833.3,2.85931
155854.2,2.70864
155875.0,2.54026
155895.8,2.35659
155916.7,2.16081
155937.5,1.95696
155958.3,1.74669
155979.2,1.53562
156000.0,1.32613
156020.8,1.12234
156041.7,0.928097
156062.5,0.745203
156083.3,0.577585
156104.2,0.429446
156125.0,0.3005
156145.8,0.195762
156166.7,0.115269
156187.5,0.0604608
156208.3,0.0330191
156229.2,0.0338278
156250.0,0.061239
156270.8,0.116062
156291.7,0.19658
156312.5,0.30213
156333.3,0.430154
156354.2,0.579292
156375.0,0.746842
156395.8,0.929693
156416.7,1.12464
156437.5,1.32857
156458.3,1.53795
156479.2,1.74919
156500.0,1.95848
156520.8,2.16319
156541.7,2.35812
156562.5,2.54185
156583.3,2.71031
156604.2,2.86088
156625.0,2.99055
156645.8,3.09779
156666.7,3.17998
156687.5,3.23636
156708.3,3.26528
156729.2,3.26779
156750.0,3.24195
156770.8,3.18881
156791.7,3.10993
156812.5,3.00669
156833.3,2.87949
156854.2,2.73202
156875.0,2.56598
156895.8,2.38404
156916.7,2.18975
156937.5,1.98676
156958.3,1.77728
156979.2,1.56625
157000.0,1.35671
157020.8,1.15125
157041.7,0.955564
157062.5,0.771001
157083.3,0.601036
157104.2,0.449576
157125.0,0.318276
157145.8,0.209461
157166.7,0.124861
157187.5,0.0668649
157208.3,0.035439
157229.2,0.0314422
157250.0,0.0555823
157270.8,0.106305
157291.7,0.182852
157312.5,0.285206
157333.3,0.410087
157354.2,0.556692
157375.0,0.721861
157395.8,0.902348
157416.7,1.09571
157437.5,1.29871
157458.3,1.50737
157479.2,1.71853
157500.0,1.92872
157520.8,2.1342
157541.7,2.3308
157562.5,2.51606
157583.3,2.68692
157604.2,2.83992
157625.0,2.97294
157645.8,3.0833
157666.7,3.16948
157687.5,3.22992
157708.3,3.26292
157729.2,3.26861
157750.0,3.24687
157770.8,3.19846
157791.7,3.12277
157812.5,3.02284
157833.3,2.89963
157854.2,2.75454
157875.0,2.59105
157895.8,2.41136
157916.7,2.21881
157937.5,2.01656
157958.3,1.80794
157979.2,1.59689
158000.0,1.38652
158020.8,1.18114
158041.7,0.982991
158062.5,0.796716
158083.3,0.624441
158104.2,0.469712
158125.0,0.335942
158145.8,0.223922
158166.7,0.136141
158187.5,0.0741182
158208.3,0.0387057
158229.2,0.0305581
158250.0,0.049987
158270.8,0.0974544
158291.7,0.170852
158312.5,0.269088
158333.3,0.390707
158354.2,0.534154
158375.0,0.696874
158395.8,0.874995
158416.7,1.06669
158437.5,1.2689
158458.3,1.47679
158479.2,1.68794
158500.0,1.89813
158520.8,2.10438
158541.7,2.30334
158562.5,2.49035
158583.3,2.66348
158604.2,2.81899
158625.0,2.95516
158645.8,3.06879
158666.7,3.15904
158687.5,3.22261
158708.3,3.25968
158729.2,3.26941
158750.0,3.25168
158770.8,3.20737
158791.7,3.1357
158812.5,3.03904
158833.3,2.91891
158854.2,2.77627
158875.0,2.61514
158895.8,2.43792
158916.7,2.24702
158937.5,2.04634
158958.3,1.83851
158979.2,1.62745
159000.0,1.41638
159020.8,1.21017
159041.7,1.01119
159062.5,0.822485
159083.3,0.648527
159104.2,0.491497
159125.0,0.353744
159145.8,0.238477
159166.7,0.146642
159187.5,0.0813837
159208.3,0.0418802
159229.2,0.0298488
159250.0,0.0458743
159270.8,0.0885832
159291.7,0.158767
159312.5,0.252984
159333.3,0.372172
159354.2,0.512329
159375.0,0.671998
159395.8,0.848387
159416.7,1.03845
159437.5,1.23908
159458.3,1.44616
159479.2,1.65729
159500.0,1.86836
159520.8,2.07532
159541.7,2.27526
159562.5,2.46456
159583.3,2.63934
159604.2,2.79801
159625.0,2.93664
159645.8,3.0543
159666.7,3.14769
159687.5,3.21544
159708.3,3.25651
159729.2,3.27017
159750.0,3.25651
159770.8,3.21546
159791.7,3.14774
159812.5,3.05424
159833.3,2.93744
159854.2,2.79805
159875.0,2.64016
159895.8,2.46458
159916.7,2.27516
159937.5,2.07548
159958.3,1.86829
159979.2,1.65818
160000.0,1.44703
160020.8,1.23992
160041.7,1.03928
160062.5,0.849188
160083.3,0.672637
160104.2,0.51236
160125.0,0.372288
160145.8,0.253778
160166.7,0.15872
160187.5,0.088525
160208.3,0.0459037
160229.2,0.0297429
160250.0,0.0418625
160270.8,0.0805344
160291.7,0.146589
160312.5,0.23854
160333.3,0.353652
160354.2,0.490656
160375.0,0.647791
160395.8,0.822637
160416.7,1.01032
160437.5,1.20924
160458.3,1.41641
160479.2,1.62664
160500.0,1.83776
160520.8,2.04561
160541.7,2.24702
160562.5,2.43794
160583.3,2.61518
160604.2,2.77625
160625.0,2.91806
160645.8,3.03897
160666.7,3.13565
160687.5,3.20655
160708.3,3.25168
160729.2,3.26938
160750.0,3.25969
160770.8,3.22261
160791.7,3.15901
160812.5,3.06956
160833.3,2.95594
160854.2,2.81981
160875.0,2.66353
160895.8,2.49107
160916.7,2.30342
160937.5,2.10528
160958.3,1.89894
160979.2,1.68871
161000.0,1.47761
161020.8,1.26889
161041.7,1.06759
161062.5,0.875756
161083.3,0.696901
161104.2,0.534963
161125.0,0.391562
161145.8,0.269111
161166.7,0.170822
161187.5,0.0974847
161208.3,0.0507435
161229.2,0.030671
161250.0,0.0386765
161270.8,0.0732659
161291.7,0.135347
161312.5,0.22319
161333.3,0.335172
161354.2,0.469685
161375.0,0.624382
161395.8,0.79595
161416.7,0.982921
161437.5,1.18032
161458.3,1.38582
161479.2,1.59599
161500.0,1.80792
161520.8,2.01577
161541.7,2.21791
161562.5,2.4106
161583.3,2.59026
161604.2,2.75459
161625.0,2.89879
161645.8,3.02284
161666.7,3.12277
161687.5,3.1985
161708.3,3.24684
161729.2,3.26854
161750.0,3.26286
161770.8,3.22984
161791.7,3.16952
161812.5,3.08416
161833.3,2.97375
161854.2,2.84077
161875.0,2.68765
161895.8,2.5169
161916.7,2.33156
161937.5,2.13422
161958.3,1.92876
161979.2,1.71924
162000.0,1.50743
162020.8,1.29876
162041.7,1.09574
162062.5,0.902348
162083.3,0.721856
162104.2,0.55676
162125.0,0.410891
162145.8,0.285237
162166.7,0.183689
162187.5,0.106305
162208.3,0.0555745
162229.2,0.0313685
162250.0,0.0354123
162270.8,0.0668528
162291.7,0.124853
162312.5,0.209564
162333.3,0.317394
162354.2,0.448739
162375.0,0.601042
162395.8,0.770297
162416.7,0.954715
162437.5,1.15132
162458.3,1.35592
162479.2,1.56617
162500.0,1.77727
162520.8,1.986
162541.7,2.18979
162562.5,2.38396
162583.3,2.56523
162604.2,2.73206
162625.0,2.87951
162645.8,3.00593
162666.7,3.10984
162687.5,3.1888
162708.3,3.24193
162729.2,3.26776
162750.0,3.26538
162770.8,3.23638
162791.7,3.17993
162812.5,3.09778
162833.3,2.99061
162854.2,2.86091
162875.0,2.7111
162895.8,2.54269
162916.7,2.35895
162937.5,2.16319
162958.3,1.95854
162979.2,1.7491
163000.0,1.538
163020.8,1.32849
163041.7,1.12468
163062.5,0.929764
163083.3,0.746805
163104.2,0.580037
163125.0,0.430236
163145.8,0.302205
163166.7,0.196594
163187.5,0.115982
163208.3,0.0612175
163229.2,0.0338571
163250.0,0.0330917
163270.8,0.0604853
163291.7,0.115169
163312.5,0.195756
163333.3,0.300503
163354.2,0.428613
163375.0,0.577686
163395.8,0.745253
163416.7,0.927315
163437.5,1.12235
163458.3,1.32613
163479.2,1.53554
163500.0,1.74668
163520.8,1.95613
163541.7,2.16078
163562.5,2.35664
163583.3,2.54028
163604.2,2.70859
163625.0,2.85931
163645.8,2.98903
163666.7,3.09615
163687.5,3.17919
163708.3,3.23553
163729.2,3.26538
163750.0,3.26775
163770.8,3.24196
163791.7,3.18966
163812.5,3.11142
163833.3,3.00763
163854.2,2.88105
163875.0,2.73354
163895.8,2.5676
163916.7,2.38634
163937.5,2.19212
163958.3,1.98925
163979.2,1.77982
164000.0,1.5686
164020.8,1.35837
164041.7,1.15379
164062.5,0.957111
164083.3,0.772659
164104.2,0.602676
164125.0,0.451107
164145.8,0.319055
164166.7,0.210323
164187.5,0.125689
164208.3,0.0676838
164229.2,0.0354988
164250.0,0.0314749
164270.8,0.0547828
164291.7,0.105465
164312.5,0.182067
164333.3,0.284398
164354.2,0.409279
164375.0,0.55511
164395.8,0.71943
164416.7,0.899928
164437.5,1.09323
164458.3,1.2964
164479.2,1.50497
164500.0,1.71605
164520.8,1.9264
164541.7,2.13178
164562.5,2.32918
164583.3,2.51457
164604.2,2.68524
164625.0,2.83836
164645.8,2.97211
164666.7,3.08251
164687.5,3.16865
164708.3,3.22908
164729.2,3.26287
164750.0,3.26861
164770.8,3.24762
164791.7,3.19927
164812.5,3.12438
164833.3,3.02451
164854.2,2.90117
164875.0,2.7561
164895.8,2.59259
164916.7,2.41299
164937.5,2.22122
164958.3,2.01896
164979.2,1.81034
165000.0,1.59923
165020.8,1.38897
165041.7,1.18268
165062.5,0.985271
165083.3,0.798421
165104.2,0.626019
165125.0,0.471313
165145.8,0.336702
165166.7,0.224806
165187.5,0.137003
165208.3,0.0740968
165229.2,0.0386661
165250.0,0.0306107
165270.8,0.0499368
165291.7,0.0966785
165312.5,0.170033
165333.3,0.267502
165354.2,0.389869
165375.0,0.532531
165395.8,0.694474
165416.7,0.873294
165437.5,1.06499
165458.3,1.26654
165479.2,1.47438
165500.0,1.68547
165520.8,1.89572
165541.7,2.10203
165562.5,2.30104
165583.3,2.48874
165604.2,2.66194
165625.0,2.81747
165645.8,2.95438
165666.7,3.06799
165687.5,3.15815
165708.3,3.22184
165729.2,3.25976
165750.0,3.26942
165770.8,3.25249
165791.7,3.20735
165812.5,3.13638
165833.3,3.03975
165854.2,2.91976
165875.0,2.77786
165895.8,2.61762
165916.7,2.44033
165937.5,2.24939
165958.3,2.04795
165979.2,1.841
166000.0,1.62986
166020.8,1.41877
166041.7,1.21262
166062.5,1.01269
166083.3,0.82501
166104.2,0.6502
166125.0,0.493075
166145.8,0.355303
166166.7,0.239225
166187.5,0.147409
166208.3,0.0813414
166229.2,0.0418496
166250.0,0.0298215
166270.8,0.0450572
166291.7,0.0878564
166312.5,0.157142
166333.3,0.252164
166354.2,0.370608
166375.0,0.510806
166395.8,0.670267
166416.7,0.846745
166437.5,1.03693
166458.3,1.23669
166479.2,1.44461
166500.0,1.65486
166520.8,1.86591
166541.7,2.07296
166562.5,2.27281
166583.3,2.4621
166604.2,2.63778
166625.0,2.79637
166645.8,2.93582
166666.7,3.0526
166687.5,3.14613
166708.3,3.2146
166729.2,3.25574
166750.0,3.27015
166770.8,3.25655
166791.7,3.21545
166812.5,3.14851
166833.3,3.05594
166854.2,2.9391
166875.0,2.79964
166895.8,2.64179
166916.7,2.46695
166937.5,2.27763
166958.3,2.07781
166979.2,1.8708
167000.0,1.66047
167020.8,1.4494
167041.7,1.24152
167062.5,1.0409
167083.3,0.850707
167104.2,0.674357
167125.0,0.514815
167145.8,0.373837
167166.7,0.25459
167187.5,0.159494
167208.3,0.0893873
167229.2,0.0459211
167250.0,0.0297467
167270.8,0.0418612
167291.7,0.0805683
167312.5,0.145816
167333.3,0.236865
167354.2,0.352023
167375.0,0.489016
167395.8,0.646098
167416.7,0.820206
167437.5,1.00869
167458.3,1.20769
167479.2,1.41397
167500.0,1.62427
167520.8,1.83526
167541.7,2.04318
167562.5,2.24454
167583.3,2.43549
167604.2,2.61356
167625.0,2.77468
167645.8,2.91653
167666.7,3.03736
167687.5,3.13479
167708.3,3.20652
167729.2,3.25164
167750.0,3.26943
167770.8,3.26057
167791.7,3.22355
167812.5,3.15975
167833.3,3.07038
167854.2,2.95687
167875.0,2.82144
167895.8,2.66596
167916.7,2.49273
167937.5,2.3058
167958.3,2.1077
167979.2,1.90132
168000.0,1.69117
168020.8,1.48
168041.7,1.27142
168062.5,1.0699
168083.3,0.877365
168104.2,0.699264
168125.0,0.536569
168145.8,0.39238
168166.7,0.270713
168187.5,0.171617
168208.3,0.0982753
168229.2,0.050783
168250.0,0.0306447
168270.8,0.0379715
168291.7,0.0732895
168312.5,0.134589
168333.3,0.222428
168354.2,0.334417
168375.0,0.468104
168395.8,0.622785
168416.7,0.794403
168437.5,0.980527
168458.3,1.17787
168479.2,1.38414
168500.0,1.59445
168520.8,1.80554
168541.7,2.01336
168562.5,2.21635
168583.3,2.40896
168604.2,2.58859
168625.0,2.75212
168645.8,2.89719
168666.7,3.02122
168687.5,3.12192
168708.3,3.19768
168729.2,3.24675
168750.0,3.26858
168770.8,3.26296
168791.7,3.2307
168812.5,3.17028
168833.3,3.08488
168854.2,2.97456
168875.0,2.84248
168895.8,2.68927
168916.7,2.51845
168937.5,2.33324
168958.3,2.13657
168979.2,1.93114
169000.0,1.72092
169020.8,1.50981
169041.7,1.30111
169062.5,1.09815
169083.3,0.9047
169104.2,0.723544
169125.0,0.559096
169145.8,0.412508
169166.7,0.286803
169187.5,0.18455
169208.3,0.107115
169229.2,0.0555582
169250.0,0.0322536
169270.8,0.03551
169291.7,0.0660613
169312.5,0.124082
169333.3,0.207899
169354.2,0.316624
169375.0,0.447171
169395.8,0.599351
169416.7,0.76857
169437.5,0.953127
169458.3,1.14888
169479.2,1.35348
169500.0,1.56377
169520.8,1.77492
169541.7,1.98349
169562.5,2.18735
169583.3,2.3816
169604.2,2.56365
169625.0,2.72957
169645.8,2.87782
169666.7,3.00514
169687.5,3.10899
169708.3,3.18807
169729.2,3.24114
169750.0,3.26696
169770.8,3.26538
169791.7,3.23714
169812.5,3.18082
169833.3,3.09858
169854.2,2.99224
169875.0,2.86259
169895.8,2.71264
169916.7,2.54427
169937.5,2.36064
169958.3,2.16558
169979.2,1.96098
170000.0,1.75154
170020.8,1.54044
170041.7,1.33099
170062.5,1.12712
170083.3,0.932174
170104.2,0.749222
170125.0,0.581632
170145.8,0.431921
170166.7,0.30373
170187.5,0.197456
170208.3,0.116771
170229.2,0.0620301
170250.0,0.0338598
170270.8,0.0331205
170291.7,0.0604856
170312.5,0.114376
170333.3,0.194223
170354.2,0.299738
170375.0,0.427021
170395.8,0.576128
170416.7,0.742829
170437.5,0.925706
170458.3,1.11979
170479.2,1.32373
170500.0,1.53312
170520.8,1.7443
170541.7,1.95367
170562.5,2.15835
170583.3,2.35422
170604.2,2.53783
170625.0,2.70701
170645.8,2.85772
